2013-10-07,1,23,20
2017-11-18,6,29,78
2016-10-01,7,21,32
2015-09-07,8,38,86
2017-03-18,6,48,49
2016-12-18,5,29,41
2014-01-02,8,42,23
2017-01-19,2,10,61
2017-03-31,1,43,52
2015-08-17,6,14,50
2015-04-04,10,44,39
2014-02-16,6,31,31
2014-11-04,3,27,22
2015-01-20,1,43,23
2013-03-08,9,16,19
2013-11-23,6,21,19
2014-09-30,7,26,29
2015-04-03,2,35,103
2016-07-31,6,1,25
2016-03-05,7,42,21
2014-10-16,7,50,34
2014-08-09,9,32,56
2015-10-17,4,34,35
2017-04-30,2,23,65
2016-06-26,1,15,122
2017-12-30,6,21,31
2016-07-05,8,21,61
2015-06-19,2,27,36
2015-07-06,9,44,24
2015-10-29,6,27,11
2016-05-17,5,13,81
2017-10-09,2,7,59
2014-07-23,5,2,63
2017-01-30,4,20,32
2014-01-28,1,39,29
2016-06-27,3,29,85
2015-08-09,5,3,41
2015-03-28,9,43,53
2013-06-07,4,20,54
2015-02-15,9,32,48
2017-11-06,1,39,48
2017-03-19,1,15,99
2016-08-09,2,17,48
2013-05-03,4,49,36
2014-02-28,5,21,28
2013-05-17,6,30,24
2013-10-31,2,21,42
2016-07-29,1,11,109
2013-11-25,10,39,30
2014-04-03,5,11,55
2017-04-01,5,31,46
2013-10-02,4,24,57
2013-03-30,7,15,55
2016-02-03,5,22,53
2016-01-31,10,2,59
2017-08-20,1,11,87
2014-06-04,6,35,59
2016-07-13,2,4,26
2016-11-15,3,7,77
2013-11-10,10,46,73
2014-11-09,7,23,16
2015-06-11,1,43,51
2016-06-11,6,26,40
2013-11-15,9,50,72
2013-07-13,9,28,89
2015-11-13,5,3,22
2017-08-23,5,44,20
2014-04-06,5,45,68
2015-07-14,6,10,79
2013-07-11,6,3,30
2015-05-28,4,14,59
2015-04-09,5,5,8
2015-08-21,7,20,35
2017-01-22,5,22,60
2017-02-21,5,9,31
2017-05-02,10,37,37
2017-11-16,4,29,79
2015-03-11,1,24,51
2015-12-17,4,7,49
2015-03-24,10,8,68
2015-04-13,9,9,49
2016-06-28,3,33,89
2013-07-26,6,43,50
2016-08-07,8,31,95
2016-12-27,4,10,53
2017-12-06,10,14,60
2013-01-07,7,7,20
2014-04-28,7,46,29
2015-06-22,5,18,56
2013-05-01,10,43,66
2014-06-29,7,32,40
2014-03-17,2,45,66
2017-07-06,7,44,24
2014-09-02,8,20,55
2013-02-20,1,30,17
2014-12-12,5,18,44
2017-08-25,1,49,26
2014-01-10,5,26,26
2014-07-14,6,11,48
2014-12-03,1,31,48
2016-01-14,7,25,41
2013-02-08,10,48,41
2016-05-28,9,13,121
2016-08-16,8,34,30
2016-06-07,9,9,57
2013-12-26,1,44,13
2016-11-19,2,24,128
2016-11-15,5,25,68
2014-02-06,7,20,24
2017-05-27,8,32,81
2017-07-21,2,41,47
2013-04-21,1,33,74
2016-07-02,6,18,109
2014-06-26,10,37,38
2014-04-17,2,12,123
2015-03-10,5,1,18
2015-10-13,7,34,20
2014-02-24,9,40,22
2015-11-30,10,28,62
2014-01-12,9,2,63
2013-10-08,4,34,15
2017-06-24,9,45,135
2016-08-09,6,19,24
2015-10-01,7,50,46
2017-05-13,9,12,116
2017-05-06,4,24,93
2016-03-26,10,13,99
2013-11-10,5,4,18
2016-05-08,8,29,110
2016-07-08,5,25,93
2017-05-16,6,2,50
2013-03-13,7,25,40
2017-03-18,3,21,53
2015-09-28,1,20,27
2015-04-22,4,43,50
2016-02-13,8,47,22
2014-11-25,6,9,35
2015-06-24,6,26,41
2013-01-08,3,22,46
2014-12-01,2,48,45
2013-06-09,10,6,75
2013-10-26,4,10,74
2017-08-11,2,14,104
2016-01-17,10,18,87
2016-02-26,4,29,71
2015-08-20,4,33,88
2017-09-17,5,41,24
2013-11-25,9,21,28
2013-06-11,8,30,46
2016-04-27,4,23,42
2013-01-04,4,20,29
2014-04-07,4,27,15
2015-11-11,6,23,19
2016-06-11,3,46,108
2014-01-14,7,25,34
2014-05-20,1,31,34
2017-02-20,1,19,31
2015-07-12,8,31,114
2016-09-28,2,22,116
2017-12-25,8,43,41
2015-05-28,1,30,47
2014-01-21,4,12,44
2015-08-03,8,21,44
2016-10-13,8,31,59
2016-12-01,1,12,40
2013-08-08,2,48,70
2017-08-29,7,32,47
2015-02-07,10,9,62
2017-12-08,1,49,27
2015-10-18,5,22,70
2013-05-27,3,5,11
2016-05-10,9,21,46
2016-05-11,1,47,20
2013-06-19,1,26,48
2014-12-01,10,48,39
2013-12-26,3,21,16
2015-04-06,1,17,17
2015-05-29,5,19,41
2016-04-19,10,14,64
2016-03-07,2,27,20
2015-04-12,1,12,72
2017-10-05,10,25,84
2016-08-08,6,49,31
2014-11-15,3,5,24
2015-12-09,10,28,82
2017-07-14,1,3,65
2015-09-20,9,38,107
2015-06-30,10,35,88
2013-11-09,5,45,64
2016-01-07,6,9,27
2013-09-08,2,1,38
2016-09-08,9,20,64
2014-01-12,9,26,36
2016-01-22,5,43,34
2017-06-06,3,16,45
2013-01-07,8,37,14
2016-02-19,10,6,64
2017-07-06,9,6,75
2015-01-10,1,4,28
2016-10-23,2,42,57
2017-04-27,1,38,78
2013-05-25,10,47,29
2015-12-18,5,25,42
2017-07-30,6,41,27
2013-09-08,2,28,120
2016-11-21,8,40,31
2017-09-27,10,50,80
2015-02-16,3,41,16
2017-04-06,2,18,127
2013-06-25,3,11,76
2013-05-03,3,25,74
2013-04-07,2,28,119
2016-07-28,9,28,118
2015-09-14,8,44,22
2017-01-06,10,50,60
2013-03-23,3,43,52
2015-09-01,7,1,17
2013-12-05,3,43,34
2014-11-08,3,24,97
2015-02-14,6,14,36
2017-08-14,3,27,35
2015-02-12,10,15,69
2014-06-03,9,36,89
2017-05-24,9,43,59
2015-10-07,3,29,57
2013-05-01,4,2,62
2016-12-09,2,23,38
2015-03-31,5,12,50
2013-08-20,7,31,44
2017-12-04,1,46,34
2014-10-18,7,25,60
2015-10-24,1,1,24
2015-01-27,8,40,24
2014-02-21,1,43,35
2014-03-27,7,23,23
2014-07-18,2,13,154
2014-03-28,8,31,52
2013-11-13,6,28,53
2014-11-09,1,21,51
2015-05-27,3,18,84
2014-11-28,4,5,15
2015-07-19,8,27,39
2013-08-24,8,39,67
2017-05-26,4,7,76
2014-12-09,8,24,77
2013-09-04,7,47,15
2013-07-24,10,11,86
2016-06-05,9,49,46
2013-06-02,6,41,17
2016-02-12,8,46,58
2014-08-14,2,43,82
2014-10-15,7,38,37
2017-11-12,8,22,153
2017-03-14,3,13,87
2013-11-03,6,6,55
2016-10-01,8,50,73
2016-02-16,10,48,48
2014-05-31,3,47,29
2015-08-20,4,8,83
2013-11-11,7,29,27
2016-02-25,6,5,7
2013-01-19,5,11,34
2013-02-15,2,31,43
2017-11-29,10,14,75
2017-09-12,3,39,58
2013-03-20,10,19,29
2014-03-22,1,13,75
2014-02-06,2,45,59
2015-07-17,1,32,50
2014-05-19,9,35,56
2013-03-09,7,4,9
2015-08-21,9,18,114
2016-08-22,3,14,65
2014-11-27,10,45,100
2017-11-17,7,50,43
2014-05-25,6,19,39
2017-03-26,9,14,74
2013-02-26,2,2,38
2016-12-12,3,6,46
2015-07-12,9,30,58
2017-12-10,7,32,31
2013-03-28,5,19,20
2013-03-03,6,6,50
2014-10-20,1,38,40
2017-06-11,9,29,133
2017-12-09,3,33,70
2013-07-14,5,40,32
2015-04-18,5,5,13
2013-08-19,10,27,19
2017-01-03,3,30,40
2015-10-06,1,26,36
2016-01-31,2,41,30
2014-06-27,7,49,33
2014-07-22,7,31,48
2016-06-14,3,13,112
2014-08-23,4,23,37
2015-05-31,6,28,89
2017-01-18,2,24,57
2014-08-16,9,38,96
2017-11-04,1,50,77
2017-07-18,6,9,56
2015-03-29,6,27,13
2017-10-04,7,41,11
2015-10-03,7,48,52
2017-12-25,1,47,11
2017-05-19,4,8,97
2017-12-16,5,50,39
2017-12-01,9,47,20
2014-07-18,1,6,62
2016-10-11,3,11,95
2016-05-23,8,33,83
2016-09-12,10,41,23
2013-02-07,2,18,55
2016-07-02,9,46,118
2016-09-18,3,4,33
2017-05-08,7,20,39
2017-09-11,2,24,70
2015-09-21,3,45,86
2014-07-02,6,13,83
2015-04-13,4,41,16
2016-01-30,6,28,49
2017-01-24,7,29,39
2016-02-06,6,30,25
2015-08-18,1,29,64
2013-06-17,4,40,22
2013-03-01,7,25,46
2015-04-16,1,10,60
2015-06-11,5,20,47
2013-10-19,10,6,69
2016-06-14,3,21,57
2014-12-25,10,21,40
2017-07-16,3,23,55
2014-06-27,1,25,98
2016-11-08,8,30,56
2017-11-26,6,12,70
2014-09-03,10,35,69
2015-11-03,10,21,44
2017-04-05,10,49,34
2013-10-10,2,29,72
2016-05-31,10,50,84
2013-03-27,7,18,55
2013-08-28,8,7,78
2016-07-24,4,4,40
2015-05-10,5,9,54
2015-09-10,8,12,75
2015-08-05,8,43,72
2013-09-10,1,18,71
2013-09-13,1,32,42
2016-03-19,2,42,55
2015-07-26,4,45,130
2013-02-19,5,10,52
2017-08-31,6,46,59
2017-02-17,10,36,71
2015-07-20,10,6,74
2014-01-28,2,36,60
2014-01-05,6,29,29
2014-05-07,4,7,54
2015-06-03,2,13,108
2015-01-07,2,18,66
2014-08-12,10,44,40
2017-05-01,2,15,111
2017-02-22,8,29,73
2016-08-31,8,31,67
2016-10-25,6,18,61
2014-03-23,8,42,47
2013-02-11,3,7,30
2015-07-09,6,36,66
2013-03-03,3,7,54
2017-06-18,7,29,79
2017-01-09,5,35,34
2013-02-01,2,16,30
2016-09-12,5,34,14
2015-04-01,5,37,16
2015-04-23,2,39,64
2015-11-19,3,48,63
2013-06-30,4,39,50
2013-06-18,2,41,19
2017-09-07,6,1,22
2016-09-07,1,11,79
2015-06-19,3,49,38
2015-12-11,8,21,34
2016-02-13,8,26,49
2014-04-30,7,32,25
2014-05-26,8,31,71
2015-08-22,7,41,18
2016-12-27,10,24,47
2017-03-23,10,32,54
2015-08-17,6,31,31
2014-11-26,5,47,13
2013-06-24,5,34,14
2014-02-18,5,9,26
2014-03-26,5,27,10
2016-11-03,8,36,107
2014-07-30,9,49,38
2015-10-06,10,38,90
2014-10-06,10,43,45
2013-05-03,6,36,47
2014-05-05,3,20,61
2014-09-16,8,6,64
2017-04-11,2,40,36
2013-06-09,4,26,75
2013-02-20,5,39,20
2016-01-26,5,36,40
2015-08-31,3,12,62
2017-09-06,8,44,44
2015-08-10,4,4,19
2015-05-13,9,40,42
2015-07-12,8,22,152
2015-08-07,6,12,65
2016-12-27,5,47,15
2014-02-12,10,11,55
2017-04-06,5,25,92
2015-09-22,1,8,83
2014-01-28,2,20,45
2017-10-10,2,45,107
2017-08-10,1,34,33
2014-05-16,1,4,20
2015-05-07,4,10,56
2013-08-14,4,49,33
2017-06-27,2,26,87
2017-10-24,3,7,74
2013-02-14,8,45,63
2014-08-13,1,10,61
2013-09-29,10,44,38
2015-11-29,2,41,37
2014-10-27,9,50,65
2013-05-16,2,15,92
2013-08-21,5,25,46
2014-09-09,6,12,46
2014-12-19,8,3,33
2013-12-07,8,14,59
2014-07-21,10,2,70
2013-02-28,4,20,27
2015-10-29,2,50,82
2017-10-13,3,7,89
2017-06-16,5,45,79
2013-11-08,1,11,53
2013-11-11,4,6,54
2014-06-27,3,18,130
2016-07-21,10,5,31
2013-07-06,9,16,34
2013-11-27,9,8,87
2016-07-29,7,31,49
2015-11-28,7,19,43
2017-02-27,1,1,12
2017-08-09,1,12,71
2017-08-06,4,21,56
2015-11-24,3,23,38
2016-06-23,1,12,80
2015-01-17,10,13,74
2016-01-26,5,43,29
2013-06-10,9,15,68
2015-04-28,5,17,23
2017-12-01,4,42,34
2015-08-11,10,1,24
2017-12-24,3,35,58
2014-10-28,5,22,39
2014-10-21,3,14,53
2013-10-21,1,2,33
2014-03-09,3,3,58
2016-06-02,2,12,130
2016-04-19,5,1,14
2013-08-02,1,5,17
2013-03-16,9,32,36
2013-08-01,3,1,21
2016-12-07,9,26,48
2015-01-10,9,33,55
2017-07-19,1,1,24
2015-12-19,7,28,41
2015-09-01,9,11,76
2014-01-10,9,7,39
2014-10-21,1,46,49
2013-08-22,1,32,38
2017-12-12,5,34,16
2014-03-17,5,41,14
2015-02-02,10,50,42
2015-02-18,1,49,17
2015-08-19,2,36,107
2017-02-01,5,4,13
2017-09-23,9,16,43
2017-04-08,3,11,117
2017-08-28,6,44,32
2014-09-08,10,27,16
2015-06-24,9,22,93
2017-04-05,3,35,92
2017-07-24,5,5,12
2014-01-25,5,1,14
2017-01-31,5,32,25
2017-10-22,1,20,54
2017-05-13,6,36,75
2013-05-23,10,8,76
2015-11-23,4,14,58
2017-01-02,10,44,20
2014-04-03,6,12,32
2013-08-13,5,33,40
2016-03-04,7,47,11
2013-12-23,8,50,47
2016-08-21,6,47,24
2013-11-24,4,16,24
2017-06-18,4,49,42
2014-06-28,2,29,109
2014-04-19,3,36,111
2017-02-01,7,35,47
2015-05-31,3,18,133
2013-10-14,6,13,36
2015-07-16,10,13,118
2016-05-27,9,4,31
2017-11-27,1,11,58
2014-08-07,10,43,55
2013-04-10,2,28,88
2014-02-03,6,10,29
2013-08-24,5,37,16
2014-10-04,4,12,73
2017-10-23,6,49,27
2015-04-03,1,8,87
2013-04-30,1,7,40
2017-01-06,10,12,55
2017-12-30,3,19,34
2013-09-10,2,34,23
2014-03-27,8,50,75
2016-11-20,9,11,106
2014-07-22,9,40,35
2017-09-10,10,39,73
2013-07-11,10,50,52
2015-01-08,9,35,48
2014-10-09,4,14,61
2015-07-19,8,5,28
2016-02-25,9,50,56
2016-02-27,4,48,48
2016-09-18,7,8,82
2017-03-29,3,15,91
2014-11-26,3,36,82
2014-06-17,4,19,54
2017-11-10,5,43,48
2014-12-04,6,23,8
2013-11-12,6,36,45
2014-03-28,8,38,82
2016-02-17,2,26,43
2017-02-12,2,10,92
2014-12-11,7,11,37
2015-02-06,5,39,32
2015-12-15,6,5,14
2015-02-20,9,40,24
2017-11-23,2,17,53
2015-04-30,7,31,52
2013-04-14,4,14,68
2015-04-06,2,36,71
2015-05-30,10,14,90
2015-12-14,3,41,16
2016-07-13,8,24,99
2016-03-20,5,34,17
2016-02-09,7,3,21
2013-02-07,5,48,21
2013-03-07,2,38,81
2014-06-15,8,25,138
2013-01-11,8,41,16
2015-11-21,9,30,50
2016-08-20,7,25,77
2014-03-26,6,4,16
2014-12-29,9,39,27
2014-11-09,2,40,45
2015-01-13,4,13,56
2013-03-12,9,48,46
2013-03-10,3,10,87
2013-11-09,10,46,73
2014-06-22,1,19,55
2015-05-31,1,1,27
2016-08-03,8,1,31
2016-01-28,10,15,58
2014-07-23,8,39,64
2013-09-17,3,45,78
2017-08-22,8,44,35
2017-05-22,7,20,30
2014-11-18,3,10,70
2016-11-16,2,9,73
2013-06-17,1,26,43
2014-04-03,6,15,71
2015-02-05,6,47,13
2017-02-13,2,37,26
2015-09-08,6,47,14
2017-11-26,1,26,53
2015-03-30,9,44,20
2015-10-04,8,2,91
2013-03-28,3,25,68
2016-04-27,3,20,62
2015-03-28,2,39,60
2014-07-20,8,35,121
2014-10-05,3,36,95
2017-12-08,6,41,12
2014-09-01,1,6,45
2014-08-15,4,44,22
2015-10-23,7,29,42
2017-02-21,5,40,20
2013-04-09,7,49,14
2013-02-23,6,36,44
2014-04-17,7,23,22
2014-10-22,1,39,34
2014-11-14,2,30,51
2013-08-14,4,37,28
2017-12-13,1,23,21
2016-02-06,1,48,29
2015-05-01,7,34,16
2014-05-25,10,3,43
2017-01-07,3,42,54
2013-11-23,8,19,45
2014-12-18,8,26,47
2013-06-04,6,36,48
2016-08-15,8,42,43
2016-05-01,2,8,144
2016-01-14,7,41,12
2017-11-17,7,27,14
2014-10-22,10,21,32
2016-03-09,5,50,56
2013-08-14,2,39,51
2014-07-03,1,7,53
2016-10-01,9,18,88
2013-03-08,2,50,68
2015-01-30,5,17,16
2016-05-23,6,32,26
2015-09-25,3,40,29
2015-02-10,7,6,24
2014-07-06,6,6,61
2014-12-11,4,5,11
2013-09-20,7,17,20
2017-05-19,7,28,103
2014-10-04,4,10,78
2015-12-20,10,19,34
2013-10-20,8,9,54
2017-05-27,10,44,45
2013-08-29,5,49,19
2013-02-24,4,5,13
2017-04-14,7,49,36
2013-12-10,1,27,12
2015-10-01,2,10,91
2013-03-12,3,19,21
2016-03-03,2,38,105
2016-01-27,9,22,57
2016-01-13,5,19,15
2013-05-15,1,35,43
2017-12-10,7,45,48
2016-07-15,3,15,163
2016-12-12,1,27,13
2014-12-06,1,23,12
2013-08-03,7,22,51
2013-09-17,4,39,28
2014-01-27,1,7,24
2013-09-15,4,18,84
2017-04-25,2,41,33
2013-10-23,4,31,36
2014-08-17,5,28,85
2014-06-14,9,34,44
2015-08-09,10,33,112
2014-04-24,10,21,47
2015-10-20,1,6,47
2017-12-24,9,6,61
2015-06-26,6,11,58
2017-08-16,5,26,36
2015-01-09,4,47,15
2015-02-04,3,18,74
2015-11-09,9,37,25
2013-03-29,6,22,45
2015-01-26,8,6,39
2017-03-17,9,24,63
2016-12-24,10,28,73
2014-04-30,6,40,25
2016-04-02,3,4,32
2016-05-01,10,38,148
2016-05-10,1,10,78
2016-09-30,10,36,105
2015-09-08,9,22,60
2016-10-25,5,1,11
2017-01-24,10,14,45
2016-05-12,3,45,111
2017-12-17,5,30,20
2016-07-07,8,21,66
2016-03-13,2,11,106
2017-10-29,2,22,142
2015-02-01,9,23,30
2014-12-06,7,15,48
2017-05-14,9,20,71
2017-09-14,1,35,62
2017-02-09,3,15,84
2017-03-06,2,35,63
2017-12-25,9,4,16
2016-02-28,10,1,22
2013-07-09,10,39,40
2014-07-21,3,50,69
2014-11-23,5,5,23
2013-04-16,10,42,31
2016-01-02,3,49,30
2016-07-20,8,35,113
2014-05-12,4,38,61
2017-08-27,10,20,84
2016-06-28,1,16,31
2017-12-09,1,4,22
2016-05-30,3,39,41
2017-11-26,9,43,74
2017-11-16,10,33,100
2017-09-08,4,43,68
2013-01-30,4,6,27
2016-05-15,7,33,83
2016-12-01,8,40,29
2014-08-08,4,5,19
2013-12-07,10,27,19
2013-07-08,3,34,24
2014-02-22,10,12,66
2016-03-21,7,6,24
2016-04-13,6,5,17
2015-12-30,4,40,10
2014-09-15,9,29,77
2014-05-24,5,26,43
2013-03-05,6,38,45
2015-11-26,10,28,99
2016-05-04,8,37,46
2017-07-04,3,20,84
2015-10-20,6,45,49
2017-10-27,1,46,69
2014-01-30,4,5,11
2017-09-23,3,17,53
2014-02-10,6,26,21
2016-06-28,4,10,90
2016-05-29,4,18,139
2014-04-02,1,47,17
2016-04-20,5,14,46
2017-12-21,10,9,34
2013-12-09,8,6,30
2014-10-13,3,1,19
2017-06-17,1,33,104
2016-06-11,8,43,91
2016-03-17,2,48,59
2015-07-19,8,39,77
2014-06-07,10,11,106
2015-05-14,10,13,113
2015-05-21,9,15,107
2017-10-14,8,12,105
2017-01-26,2,30,30
2016-04-11,8,49,31
2015-08-20,9,46,72
2013-01-02,9,15,40
2015-08-24,4,27,15
2017-06-07,6,1,17
2013-07-17,4,22,83
2016-08-31,2,31,91
2016-11-24,7,21,44
2014-10-10,9,43,43
2015-04-22,2,26,67
2014-09-05,7,10,69
2013-05-11,8,9,71
2016-02-23,5,38,46
2016-03-21,2,7,58
2013-05-20,9,13,65
2016-08-29,2,50,85
2015-07-10,9,48,56
2016-09-08,5,36,68
2016-05-25,2,49,36
2014-04-18,6,43,40
2017-11-16,8,22,116
2015-11-05,7,26,35
2015-08-30,6,38,81
2017-04-02,7,27,22
2014-06-20,2,5,21
2016-12-18,10,22,84
2017-08-09,9,16,36
2016-04-01,10,39,57
2017-04-05,1,23,29
2017-07-02,6,3,45
2017-08-21,5,15,69
2013-10-21,5,27,18
2017-01-26,4,22,57
2017-01-15,2,24,76
2013-07-06,7,42,33
2013-06-01,3,49,35
2017-04-15,5,29,71
2017-02-07,10,36,73
2017-05-17,4,48,69
2016-02-14,10,22,62
2016-04-02,1,41,32
2017-05-24,5,21,35
2013-12-06,1,19,24
2016-11-21,1,15,76
2013-04-14,6,18,60
2013-10-20,7,46,41
2014-02-02,6,34,20
2016-08-29,8,33,90
2014-05-29,9,47,23
2013-10-18,2,49,28
2017-08-22,6,16,27
2016-10-21,6,29,80
2013-04-08,1,28,55
2016-02-02,3,41,22
2014-08-03,7,25,59
2017-05-11,10,34,38
2016-09-17,2,50,113
2014-05-11,6,17,38
2014-07-01,2,23,47
2017-04-12,2,31,77
2017-03-23,3,44,36
2014-08-25,8,41,26
2015-08-22,1,8,84
2014-07-12,1,15,102
2015-03-11,6,23,17
2017-12-27,8,50,64
2013-05-17,10,41,20
2013-05-30,6,45,63
2015-07-11,9,7,67
2015-01-17,3,40,20
2016-12-13,9,45,60
2016-09-01,4,20,55
2016-07-19,3,9,83
2013-05-09,4,14,70
2017-04-19,10,28,110
2014-09-05,9,46,57
2015-04-15,7,28,63
2017-01-28,10,38,70
2017-04-22,6,21,44
2014-03-19,4,50,57
2013-02-01,10,3,26
2015-07-21,9,21,57
2013-09-20,7,33,50
2015-11-26,2,33,80
2017-06-03,1,5,27
2014-09-03,10,5,19
2015-09-12,4,43,72
2013-04-30,10,47,18
2014-06-26,7,39,29
2017-05-06,6,18,85
2013-01-08,1,44,14
2016-08-03,10,43,59
2014-11-09,2,22,113
2014-12-11,2,8,86
2013-03-22,5,20,28
2014-09-27,10,46,74
2017-10-17,1,23,30
2015-12-27,1,10,58
2017-09-01,6,27,21
2014-01-01,7,19,16
2013-01-28,8,47,15
2016-02-01,3,35,49
2013-02-10,4,47,17
2016-06-15,6,40,23
2015-11-27,1,8,85
2017-07-01,6,5,30
2015-01-28,2,43,33
2013-02-01,7,18,36
2017-09-14,9,38,93
2016-04-28,4,34,24
2016-07-11,6,24,61
2013-03-28,4,31,39
2016-07-01,4,27,34
2017-12-22,4,30,42
2016-05-23,2,3,51
2017-07-15,6,12,56
2013-12-17,4,21,32
2015-11-02,5,6,39
2014-05-31,2,22,155
2015-01-14,10,9,31
2013-08-19,4,12,65
2017-10-09,6,31,30
2015-07-08,5,37,24
2014-09-19,5,11,55
2013-07-12,2,25,114
2013-11-14,5,47,16
2017-01-14,6,38,59
2014-12-29,3,31,35
2016-02-18,6,48,40
2013-09-21,8,17,42
2013-01-03,4,24,36
2014-06-28,1,23,33
2016-04-06,10,26,65
2017-10-27,4,11,76
2013-07-16,5,9,48
2015-09-22,7,36,46
2014-04-18,9,15,108
2014-11-06,5,29,60
2015-07-15,8,40,38
2014-05-24,10,8,116
2017-07-24,9,40,38
2014-05-10,9,26,71
2017-06-05,4,50,85
2017-04-07,9,28,126
2017-09-10,6,23,30
2015-11-05,1,25,82
2016-09-27,8,20,57
2015-02-05,5,49,17
2015-09-12,5,36,72
2014-04-29,6,14,57
2014-05-19,1,3,30
2013-03-31,7,5,4
2016-06-06,9,18,96
2016-07-17,4,41,38
2014-07-10,9,39,54
2015-03-14,6,24,52
2015-04-26,8,12,97
2017-06-12,3,16,27
2016-04-06,8,49,36
2017-11-06,9,4,20
2016-01-02,8,30,35
2013-07-01,4,10,58
2015-04-12,4,22,91
2017-07-23,1,23,54
2015-11-24,2,47,24
2016-10-30,8,45,152
2014-01-06,2,16,10
2014-11-10,7,26,22
2016-06-17,3,37,46
2014-06-23,2,32,51
2016-01-27,9,35,49
2014-03-12,3,11,57
2017-07-28,4,23,61
2017-05-02,1,47,20
2017-01-18,3,3,28
2016-07-18,6,4,16
2017-01-31,2,45,73
2014-10-08,10,3,44
2013-04-11,10,21,32
2016-11-09,4,19,50
2015-07-11,8,16,40
2013-09-17,10,26,50
2015-06-24,1,7,60
2017-06-25,10,21,83
2014-01-10,8,39,40
2017-09-01,6,10,74
2017-02-26,5,46,44
2016-07-28,10,10,100
2014-05-12,5,26,28
2016-05-16,6,44,18
2014-10-11,7,7,40
2014-04-29,1,7,59
2017-07-13,10,32,63
2015-04-06,6,19,24
2015-09-07,3,30,44
2017-06-09,2,48,101
2016-02-23,10,31,49
2013-08-24,3,36,94
2016-02-13,9,1,25
2013-02-23,3,33,45
2014-10-25,3,26,53
2017-08-20,8,9,107
2015-04-02,6,48,34
2013-10-20,8,13,113
2017-07-26,4,14,69
2017-01-21,1,18,53
2013-10-11,6,29,36
2016-02-02,4,28,76
2015-05-08,1,5,18
2016-01-05,5,41,9
2015-01-24,2,33,61
2013-08-28,8,43,48
2016-06-16,7,29,63
2013-03-18,5,17,21
2014-02-15,9,34,23
2013-07-22,9,6,50
2014-11-17,10,39,46
2013-04-22,7,39,22
2016-01-13,6,37,11
2016-05-22,3,15,148
2013-10-07,3,31,37
2017-04-06,7,49,24
2017-06-16,7,26,45
2013-05-04,9,7,75
2017-08-04,6,47,26
2017-08-20,3,7,94
2013-04-08,2,28,78
2014-06-16,9,47,20
2017-12-10,8,40,36
2016-02-14,3,22,86
2016-02-12,8,7,64
2016-03-03,8,32,47
2014-06-20,10,50,86
2014-05-21,5,28,52
2016-12-28,9,17,30
2015-07-22,9,47,17
2015-01-02,9,45,58
2017-04-06,8,39,56
2015-01-31,1,32,33
2015-12-25,6,46,47
2013-02-08,7,5,4
2015-12-19,2,16,30
2014-07-29,5,1,15
2016-06-28,10,39,61
2013-04-28,4,33,89
2014-08-16,6,44,24
2016-12-17,8,32,49
2016-07-01,10,25,137
2013-10-19,4,8,84
2016-06-30,4,4,40
2015-02-03,5,37,13
2013-08-28,6,35,49
2017-03-25,4,3,41
2017-03-15,7,34,21
2013-07-27,9,28,107
2015-08-21,7,15,71
2016-06-19,9,41,44
2017-01-13,7,7,28
2016-02-19,3,17,36
2013-12-12,6,32,20
2017-07-10,3,39,55
2015-07-17,1,47,29
2013-09-12,8,41,18
2017-02-09,5,24,41
2014-07-19,6,9,55
2016-12-31,4,16,29
2013-03-25,5,23,22
2013-05-08,3,28,87
2016-02-13,5,18,59
2015-12-05,6,36,53
2013-06-08,7,46,50
2016-07-23,1,24,87
2013-06-17,9,49,22
2015-11-07,9,28,128
2014-12-03,6,49,20
2017-07-27,9,39,64
2015-07-27,4,9,54
2015-04-04,3,44,45
2014-04-13,5,28,85
2014-01-10,9,50,56
2013-03-28,10,26,30
2017-04-24,8,19,45
2014-04-11,1,8,86
2017-05-06,6,9,53
2015-10-15,8,13,91
2017-03-03,5,6,42
2014-06-01,3,31,93
2016-01-11,9,44,17
2017-06-10,3,37,53
2014-02-16,9,26,55
2016-10-25,9,3,52
2016-06-26,8,30,86
2016-06-13,3,30,43
2017-10-11,8,22,93
2014-11-29,5,11,63
2014-02-26,2,6,43
2017-05-27,1,35,88
2017-11-15,8,23,33
2017-02-23,4,18,68
2013-05-11,1,12,70
2013-08-13,3,5,16
2016-02-05,2,40,29
2015-07-20,10,9,52
2015-12-11,8,31,66
2013-11-14,9,5,14
2015-02-13,7,29,34
2015-04-17,1,50,60
2013-04-02,9,29,75
2014-08-04,1,34,19
2013-10-15,8,8,73
2014-05-12,10,10,76
2015-06-03,10,46,97
2014-01-01,1,20,27
2017-05-07,6,6,76
2016-05-27,9,16,36
2017-01-17,7,2,27
2013-04-24,10,22,62
2015-08-17,9,47,27
2017-07-04,2,15,145
2014-11-02,6,40,25
2015-12-04,8,41,26
2013-03-16,1,36,46
2016-12-04,2,45,105
2015-06-29,7,23,25
2016-01-21,3,3,25
2013-02-24,2,22,84
2013-03-09,3,43,45
2014-03-10,3,38,47
2016-03-08,3,15,93
2013-10-25,7,5,10
2017-11-15,1,5,19
2017-05-13,2,36,139
2016-10-15,6,12,69
2016-04-19,8,38,89
2013-06-08,10,23,33
2016-01-31,4,1,19
2016-08-13,4,44,37
2017-12-28,6,31,33
2016-04-08,1,46,76
2016-03-07,10,14,59
2014-07-07,8,37,41
2013-10-01,6,10,45
2014-05-31,1,48,51
2014-03-12,1,8,50
2016-11-03,9,14,71
2015-04-07,5,12,49
2014-04-04,9,15,103
2017-07-11,3,26,56
2017-02-22,8,12,75
2015-04-28,9,49,31
2017-03-20,2,36,79
2016-04-22,2,13,139
2016-07-11,6,37,27
2015-12-11,1,41,18
2017-06-28,9,12,98
2013-02-10,6,8,48
2014-01-11,3,5,13
2015-10-26,5,34,10
2017-05-05,1,1,28
2015-05-03,4,36,109
2015-06-29,7,16,20
2015-09-12,8,8,117
2016-07-19,9,31,99
2015-07-28,9,9,59
2017-08-15,2,1,38
2015-04-06,4,12,52
2016-07-07,9,49,41
2017-03-02,3,11,56
2015-12-20,7,38,49
2017-02-27,1,19,34
2016-06-27,8,43,60
2014-08-29,1,7,60
2013-04-24,4,5,18
2016-08-02,10,5,27
2014-07-23,4,23,42
2017-12-23,4,30,40
2014-12-28,4,5,17
2017-08-28,3,22,83
2013-12-24,7,23,14
2016-08-25,9,33,91
2013-03-30,8,1,26
2016-12-11,8,20,56
2015-12-02,8,48,32
2015-11-29,7,24,68
2014-02-27,2,20,36
2015-09-02,7,4,15
2013-11-12,2,22,89
2016-09-01,7,27,23
2015-09-09,8,12,79
2014-06-18,6,11,61
2015-12-15,9,33,52
2016-11-09,10,43,69
2014-10-13,3,15,77
2017-03-27,10,24,70
2015-12-25,2,13,80
2017-07-09,7,20,58
2013-11-11,10,7,49
2016-07-29,1,18,124
2015-04-11,1,3,39
2017-09-25,10,47,27
2016-01-31,5,33,39
2013-04-19,8,16,24
2017-07-25,5,1,24
2014-10-01,2,5,20
2014-02-28,1,29,53
2017-03-12,8,47,34
2016-10-11,8,45,116
2016-10-22,7,24,50
2015-06-04,2,48,93
2013-04-08,9,4,17
2015-10-07,3,6,62
2016-10-15,10,23,39
2013-01-16,3,10,42
2016-12-12,3,12,51
2014-10-02,1,48,34
2017-07-10,4,36,96
2014-01-12,6,34,9
2015-06-13,2,33,120
2015-01-14,6,34,11
2016-06-09,10,11,115
2014-06-17,2,42,52
2017-11-04,5,23,20
2013-10-19,1,21,48
2014-12-21,3,16,22
2014-05-17,7,35,69
2016-06-19,5,43,57
2015-02-13,7,35,46
2014-03-15,7,2,44
2014-12-24,6,7,26
2015-01-28,8,25,69
2013-12-20,1,14,42
2014-06-17,5,20,44
2015-04-25,6,7,56
2017-11-21,8,18,115
2015-05-24,4,38,132
2014-04-03,9,48,48
2014-02-02,5,31,40
2014-03-13,1,39,32
2013-06-10,10,20,49
2016-07-09,8,28,173
2017-12-29,10,34,24
2015-11-06,1,34,20
2017-01-03,6,40,18
2017-12-09,3,17,28
2014-02-22,4,13,85
2017-11-12,3,50,90
2015-07-12,2,26,98
2014-11-22,10,16,38
2013-07-02,5,41,20
2014-02-08,8,13,95
2013-04-21,1,7,55
2016-03-10,4,46,77
2016-01-18,9,4,15
2017-12-14,9,17,35
2016-09-17,6,35,61
2015-05-09,2,31,109
2015-08-16,8,12,116
2016-07-30,7,7,61
2017-09-30,1,32,48
2015-08-29,2,23,56
2016-11-05,4,33,87
2016-05-09,5,6,52
2015-01-05,4,40,21
2014-06-28,10,20,66
2016-06-16,7,28,84
2015-10-28,10,5,14
2014-10-21,10,47,24
2013-05-23,9,4,19
2013-02-28,4,40,22
2015-07-24,2,39,72
2017-05-25,2,31,95
2014-05-29,2,1,29
2013-06-05,1,27,20
2015-04-20,8,21,46
2016-01-12,4,37,29
2014-12-19,2,4,13
2017-05-09,9,17,51
2016-11-12,7,25,71
2014-11-11,2,11,67
2017-02-24,6,33,44
2013-12-31,5,6,34
2013-01-15,8,1,15
2014-09-24,1,11,60
2015-07-22,8,5,39
2015-04-11,10,33,82
2015-01-18,2,50,61
2013-12-19,9,19,22
2014-11-26,10,4,29
2016-11-06,7,7,60
2015-07-26,3,30,79
2017-03-23,6,47,23
2016-11-19,4,32,64
2013-08-18,3,5,23
2016-01-27,5,25,44
2016-02-02,4,40,16
2016-04-24,5,17,35
2016-04-08,1,30,31
2014-10-23,5,43,35
2013-06-17,9,25,65
2017-03-30,3,50,72
2013-11-14,5,26,24
2017-01-13,7,31,30
2016-09-07,1,36,88
2015-06-05,3,30,53
2016-04-28,8,23,30
2017-12-07,4,7,47
2017-01-23,8,16,23
2015-02-23,1,43,32
2017-10-07,5,45,82
2014-12-02,2,5,11
2016-10-06,2,13,123
2016-12-22,3,9,48
2016-11-18,4,32,55
2016-10-15,5,46,57
2015-10-28,3,40,33
2017-06-15,6,25,73
2013-12-14,1,39,33
2015-02-22,7,23,18
2016-05-23,2,48,72
2013-01-03,8,11,42
2015-08-16,9,6,82
2015-08-13,5,42,35
2016-08-03,5,15,80
2014-10-21,7,31,35
2013-07-21,5,2,55
2016-02-11,3,4,23
2013-07-16,10,19,36
2016-05-21,4,45,101
2016-07-28,6,36,77
2016-04-02,4,7,64
2014-03-09,10,21,48
2014-11-12,6,48,35
2017-06-15,2,32,73
2013-10-25,2,19,47
2014-11-04,2,48,48
2015-08-04,6,30,32
2016-02-16,10,50,55
2016-04-20,5,39,35
2014-05-29,9,40,37
2016-04-10,1,20,62
2017-09-07,4,21,48
2015-11-20,5,18,73
2013-05-29,9,41,17
2015-02-15,6,33,34
2015-04-05,6,10,75
2015-12-02,6,7,34
2015-12-06,6,16,16
2015-05-27,5,42,30
2015-07-02,1,28,103
2016-06-04,8,28,132
2013-09-23,1,2,39
2015-01-17,8,37,18
2014-02-09,10,42,32
2016-03-11,7,49,22
2017-06-22,5,32,45
2014-08-06,8,24,79
2014-06-28,3,11,104
2017-01-07,10,18,61
2013-12-17,10,17,26
2017-09-30,3,3,59
2017-06-18,2,14,103
2017-04-01,1,14,70
2014-01-23,2,19,33
2015-12-21,10,14,36
2014-04-21,6,29,51
2017-09-30,1,4,22
2017-07-21,6,8,88
2016-12-22,4,48,42
2017-05-08,6,22,56
2015-12-25,8,33,69
2013-06-29,10,45,88
2014-11-23,6,9,42
2014-09-09,6,22,78
2017-04-11,3,39,52
2014-01-05,8,31,61
2016-12-02,1,37,18
2016-05-15,10,30,81
2015-09-05,2,17,47
2017-01-18,2,9,47
2013-01-05,5,33,25
2016-06-11,1,37,43
2013-04-11,1,35,46
2015-03-25,6,27,19
2016-02-19,4,29,68
2017-01-08,6,49,18
2015-03-28,7,42,28
2015-06-13,8,14,111
2016-01-18,1,25,34
2015-09-07,6,46,49
2013-04-12,6,7,45
2013-08-21,10,23,26
2014-11-29,4,46,85
2015-08-11,10,21,50
2014-07-02,2,9,62
2013-06-02,7,18,70
2015-05-06,8,20,51
2017-07-05,6,9,46
2017-07-31,10,44,41
2015-01-30,3,45,60
2015-10-24,6,35,58
2015-12-10,4,13,72
2015-01-13,5,4,9
2013-03-24,8,38,83
2015-01-04,9,30,33
2015-08-26,8,42,39
2015-02-15,2,19,56
2015-05-01,7,47,22
2015-01-07,3,31,43
2016-06-07,3,19,48
2015-04-17,9,33,74
2017-12-13,1,30,27
2016-06-10,8,11,124
2014-12-01,10,32,21
2017-06-15,7,21,39
2013-12-10,1,21,27
2013-06-03,2,2,60
2017-12-01,2,5,25
2017-05-25,5,30,38
2015-05-20,10,42,33
2014-12-10,4,34,24
2014-01-05,5,8,48
2016-05-05,4,18,114
2015-11-18,6,9,42
2014-08-31,6,37,30
2014-11-22,9,14,76
2017-06-03,8,21,91
2017-07-26,1,49,31
2015-07-01,3,44,36
2014-11-30,2,6,96
2017-12-10,10,3,37
2016-02-21,9,7,49
2013-06-07,2,7,77
2016-12-14,6,50,48
2016-01-02,3,45,73
2017-11-11,1,10,96
2016-01-21,7,44,27
2014-09-18,3,16,30
2015-04-11,8,14,94
2017-11-06,5,30,28
2017-08-25,8,34,42
2015-09-06,10,43,70
2017-10-01,1,47,31
2017-11-14,8,34,45
2014-10-14,6,37,31
2016-05-26,9,18,113
2015-11-03,3,44,36
2013-11-20,9,21,36
2013-02-27,3,5,6
2017-11-19,10,3,52
2017-04-02,1,33,92
2015-07-01,6,24,63
2014-10-21,3,5,19
2016-01-31,2,4,19
2017-05-14,4,24,101
2017-01-20,8,25,79
2013-04-11,7,19,31
2015-04-04,6,23,19
2016-03-30,9,6,52
2015-06-08,5,3,29
2013-06-03,7,38,47
2013-09-21,7,16,15
2015-07-25,5,11,79
2015-04-20,10,9,53
2017-07-25,8,10,133
2013-01-06,6,45,47
2014-09-08,1,14,46
2016-06-28,1,35,61
2017-03-28,10,33,80
2014-02-13,6,43,31
2016-07-01,7,12,79
2014-06-10,9,12,77
2013-06-05,1,16,24
2015-10-07,2,5,21
2016-07-21,1,6,71
2013-08-16,2,21,45
2013-05-24,1,9,61
2015-11-10,5,48,24
2016-12-01,1,39,31
2013-12-26,8,41,12
2017-06-28,5,42,36
2015-12-11,4,35,54
2013-05-24,1,45,80
2013-04-07,4,39,53
2017-06-08,7,32,57
2016-03-21,10,27,20
2014-09-24,9,5,18
2013-04-17,7,14,31
2015-06-07,3,46,103
2016-02-17,7,37,15
2016-11-12,3,34,50
2013-07-29,10,5,19
2017-11-23,7,29,68
2015-04-05,3,29,93
2013-08-21,5,43,44
2016-03-01,8,44,33
2014-02-02,9,4,22
2017-02-16,10,40,40
2015-03-16,1,2,48
2014-01-08,3,50,46
2015-06-13,4,40,40
2014-07-15,6,4,19
2015-07-04,7,1,22
2016-01-11,6,44,11
2017-03-25,8,41,35
2015-04-21,1,38,68
2014-05-28,1,34,30
2017-11-16,9,30,45
2015-04-19,8,49,53
2016-04-29,5,20,44
2015-08-17,3,7,60
2013-06-29,3,47,31
2013-10-13,7,24,52
2014-02-19,10,3,28
2014-01-25,1,34,12
2017-02-05,9,5,17
2014-09-28,5,22,64
2016-04-27,8,17,43
2017-10-21,2,2,90
2016-08-30,7,11,56
2015-05-05,3,26,54
2015-04-05,5,7,50
2013-09-02,1,39,23
2015-01-08,10,31,46
2016-07-10,9,40,55
2014-08-10,2,43,67
2015-05-29,4,22,95
2016-02-15,9,13,54
2013-01-19,10,11,40
2013-07-26,9,12,82
2014-05-09,4,44,36
2017-03-24,5,3,29
2015-04-29,7,35,39
2013-05-03,2,3,39
2013-10-19,2,44,45
2017-11-20,5,18,49
2016-07-25,2,18,112
2013-07-01,10,4,17
2016-05-29,2,12,129
2014-11-17,1,46,42
2017-03-18,5,5,15
2017-08-16,5,10,65
2015-08-23,1,48,63
2016-05-10,9,8,83
2014-08-07,8,49,39
2016-07-10,6,26,67
2016-12-12,6,25,30
2017-04-05,10,32,65
2015-03-04,9,23,26
2015-01-01,4,50,44
2017-09-11,3,33,78
2013-02-06,7,22,43
2014-06-04,8,39,57
2015-01-22,1,42,20
2017-11-03,10,33,83
2016-07-06,4,2,91
2016-09-18,5,12,70
2014-11-08,1,1,12
2013-03-18,6,28,32
2016-06-05,1,14,75
2013-12-31,7,45,26
2016-05-14,7,35,70
2015-01-19,5,25,40
2015-06-17,3,28,107
2013-03-16,3,3,33
2016-08-03,6,49,21
2015-12-11,3,50,58
2014-08-12,8,33,81
2014-05-11,5,24,67
2015-05-31,6,16,23
2013-03-25,9,19,24
2015-07-31,8,43,73
2015-10-12,1,34,20
2017-12-28,9,42,44
2015-06-13,3,7,97
2016-11-22,6,2,54
2013-04-17,3,43,57
2016-07-22,1,21,51
2015-09-07,9,30,35
2014-11-26,9,42,30
2014-01-29,6,23,12
2015-12-07,3,8,50
2014-02-03,4,3,25
2017-08-12,5,49,19
2017-11-27,4,17,34
2013-11-14,10,40,20
2016-11-20,3,4,35
2013-07-27,1,31,58
2014-11-04,7,49,21
2017-04-26,4,4,17
2017-08-30,10,19,59
2013-03-30,8,7,65
2015-06-10,10,2,75
2013-05-02,6,47,16
2017-10-04,2,17,44
2016-09-29,1,32,47
2017-10-07,8,13,117
2015-02-03,1,29,42
2016-10-08,1,33,64
2016-08-24,9,16,30
2016-04-02,10,15,130
2017-05-26,2,33,116
2013-03-22,7,38,50
2016-07-12,7,38,71
2017-03-15,10,48,69
2016-04-16,6,15,69
2016-06-02,10,15,138
2013-12-21,9,38,52
2017-05-07,8,25,139
2017-01-02,1,45,39
2016-10-06,10,9,62
2016-10-22,7,13,61
2017-02-13,1,20,33
2016-05-16,6,10,55
2015-03-12,2,37,27
2015-10-18,5,44,27
2017-11-24,1,10,87
2015-05-16,2,49,51
2014-02-02,9,22,69
2015-01-25,3,15,58
2015-01-08,9,44,14
2013-04-06,7,6,42
2013-05-08,4,35,69
2013-05-06,7,20,28
2013-07-30,9,21,34
2017-12-20,2,44,35
2016-01-30,6,31,32
2017-09-25,4,49,38
2013-03-18,7,45,27
2016-04-15,3,24,99
2016-07-01,10,9,78
2013-12-21,10,13,61
2015-12-07,9,28,50
2014-03-07,6,31,44
2013-08-03,1,3,36
2016-07-20,3,35,108
2013-02-26,1,25,32
2015-03-06,5,15,64
2014-01-12,10,35,56
2015-02-13,1,15,62
2016-12-28,8,37,39
2017-01-15,3,41,23
2014-12-07,3,32,35
2016-10-18,6,5,18
2016-06-25,10,11,129
2016-10-11,4,36,88
2014-09-08,5,28,55
2014-03-09,2,3,47
2014-01-02,1,50,38
2017-07-01,3,19,67
2016-05-31,5,37,26
2015-01-10,8,35,59
2015-08-29,8,46,86
2016-10-15,3,27,33
2014-08-24,2,27,39
2015-10-01,3,45,80
2014-10-14,7,44,23
2016-12-20,3,33,67
2015-03-17,1,12,48
2017-04-26,9,21,39
2013-07-04,4,36,97
2013-07-20,4,25,95
2015-10-29,2,32,55
2017-06-17,5,25,102
2015-10-05,6,17,18
2015-01-02,3,37,18
2015-05-02,2,3,64
2017-04-28,9,45,100
2013-12-25,7,42,15
2013-10-20,2,31,79
2014-01-29,3,45,61
2014-09-19,4,17,38
2015-12-07,7,50,27
2013-02-10,5,6,27
2013-03-16,2,27,35
2016-12-30,3,40,29
2016-04-18,4,33,61
2017-02-12,9,20,54
2016-01-16,2,38,89
2015-04-03,5,7,45
2016-08-29,4,18,99
2017-06-15,3,48,67
2015-09-10,8,41,21
2013-06-18,1,31,52
2017-01-30,9,9,39
2013-06-30,4,6,74
2013-07-26,4,40,28
2017-10-23,6,12,43
2013-05-26,5,16,27
2015-03-24,4,45,79
2016-10-29,5,17,39
2015-10-03,8,7,76
2013-07-02,6,34,25
2016-02-07,4,42,34
2015-03-22,6,20,39
2016-03-05,4,4,24
2013-09-23,2,24,88
2016-05-04,4,38,117
2017-06-05,10,45,95
2017-06-13,3,39,61
2014-04-24,10,3,44
2017-04-16,6,8,96
2015-11-13,10,1,32
2014-06-28,10,21,56
2013-01-15,2,27,16
2017-03-17,8,29,72
2017-11-04,5,27,28
2017-07-30,8,9,113
2013-01-18,7,23,12
2016-09-25,6,41,21
2016-11-25,2,47,31
2013-09-17,4,7,51
2014-10-10,5,21,30
2014-12-20,9,35,60
2016-12-26,7,3,18
2017-05-15,5,1,15
2015-10-23,2,20,75
2013-07-31,7,29,51
2017-03-27,5,22,48
2017-08-23,8,44,39
2016-10-20,9,11,81
2014-02-16,5,17,26
2014-07-20,4,17,50
2016-03-21,10,23,32
2016-02-11,8,24,68
2016-06-14,9,4,28
2016-12-30,3,33,78
2017-01-02,2,17,29
2013-09-07,7,11,44
2014-08-11,10,6,46
2013-07-16,7,6,35
2016-11-07,7,25,53
2014-02-22,8,16,31
2017-10-03,2,11,89
2015-09-07,7,15,50
2013-07-16,10,28,99
2015-08-11,10,27,22
2013-03-05,9,11,60
2017-11-20,3,26,52
2016-12-16,2,4,30
2014-12-19,9,43,38
2016-10-15,4,1,30
2013-05-09,8,30,48
2015-03-09,1,37,19
2014-10-15,7,16,10
2013-03-25,9,9,29
2013-02-04,8,49,17
2017-09-20,7,43,33
2016-03-01,5,37,18
2013-09-21,4,7,59
2017-06-04,5,24,76
2016-04-23,9,34,25
2017-06-10,6,48,67
2014-06-02,1,28,85
2014-10-05,9,11,86
2014-01-27,9,33,51
2013-06-04,7,27,18
2016-12-24,5,18,68
2017-09-08,2,35,115
2016-08-24,6,37,31
2017-03-13,5,39,14
2013-10-08,7,8,48
2013-06-11,8,43,65
2015-10-16,4,3,42
2013-01-24,4,2,34
2014-03-14,6,35,54
2017-02-08,7,11,49
2015-07-02,3,46,99
2016-07-27,2,14,86
2013-09-17,3,31,46
2013-07-10,8,30,49
2014-01-25,6,4,14
2017-12-18,10,41,16
2017-04-23,2,37,58
2014-10-19,9,11,84
2013-05-15,9,35,60
2017-10-16,1,2,44
2013-02-19,7,8,31
2013-04-14,10,27,29
2016-01-28,5,46,43
2015-10-25,3,26,67
2017-08-17,1,25,85
2016-01-03,4,24,70
2016-05-12,4,29,74
2014-08-19,3,50,87
2014-03-04,5,17,23
2014-06-02,7,45,55
2015-05-26,7,29,49
2017-06-26,2,4,32
2014-11-19,6,50,42
2016-12-28,10,16,19
2017-08-14,5,35,56
2016-07-04,5,31,33
2016-02-29,1,9,37
2015-09-25,10,7,71
2014-02-17,4,3,28
2015-05-11,4,32,42
2014-10-04,8,40,40
2016-09-15,4,30,47
2014-01-25,9,50,45
2015-08-02,2,36,152
2016-11-21,1,6,47
2016-02-16,2,39,38
2013-09-30,8,34,22
2015-09-06,10,45,100
2013-01-14,7,15,24
2014-12-12,4,13,58
2016-11-15,7,10,55
2017-05-07,9,21,70
2016-09-15,8,23,35
2016-12-14,1,18,55
2017-07-05,9,11,104
2015-12-16,4,48,39
2015-07-16,8,46,95
2017-11-08,6,43,50
2016-04-02,8,4,34
2017-04-19,8,25,110
2014-12-25,9,42,33
2017-04-06,4,19,41
2013-11-28,1,12,51
2016-02-11,10,28,80
2015-12-11,2,46,61
2013-06-05,9,20,55
2016-07-23,10,18,136
2017-08-20,4,42,62
2017-03-28,9,13,78
2013-07-13,7,11,63
2017-02-24,5,1,19
2013-06-02,9,43,65
2016-06-29,4,22,105
2017-12-22,2,35,87
2016-06-22,10,10,100
2013-07-06,8,10,100
2016-04-23,6,20,39
2017-08-03,9,40,45
2015-10-14,6,3,29
2014-03-26,5,41,10
2015-06-08,2,6,65
2015-01-11,10,26,46
2015-09-03,5,13,88
2014-08-03,3,6,88
2016-11-21,2,37,31
2015-08-27,1,40,42
2014-07-28,6,21,29
2017-03-25,10,26,73
2017-07-27,8,42,70
2014-07-28,8,39,52
2017-09-22,7,20,40
2015-12-14,4,18,45
2017-08-31,4,17,44
2016-06-12,10,49,64
2013-06-25,8,10,100
2013-07-04,5,19,34
2017-12-24,7,4,13
2013-11-07,4,44,20
2013-04-09,8,44,38
2016-10-29,3,15,118
2013-04-30,1,39,28
2013-04-10,4,7,57
2015-06-27,1,6,71
2017-05-05,7,7,67
2013-01-11,10,21,25
2014-08-06,6,13,68
2017-03-20,9,2,52
2013-03-23,6,2,38
2017-08-11,1,24,70
2014-06-27,8,39,80
2013-11-08,3,41,24
2016-05-09,2,6,65
2017-09-10,5,37,21
2015-03-01,4,9,51
2016-01-13,3,26,39
2016-05-12,8,37,41
2015-08-23,9,43,75
2017-07-01,10,50,119
2014-09-25,6,21,34
2015-01-24,8,12,74
2014-04-15,6,15,66
2013-08-09,10,2,69
2014-05-20,1,14,54
2013-06-03,10,22,66
2016-06-10,8,27,35
2014-12-10,3,14,38
2013-10-22,10,38,58
2013-09-17,9,2,50
2013-11-18,2,22,78
2014-05-09,10,22,96
2013-02-24,9,13,76
2017-04-07,2,38,121
2014-06-24,3,38,103
2015-12-24,8,21,38
2016-06-12,1,23,42
2017-03-06,4,20,39
2016-06-25,2,37,56
2014-05-16,2,14,83
2017-03-29,9,9,52
2016-05-30,1,40,27
2015-05-18,1,22,55
2015-01-20,7,26,17
2016-01-15,1,17,13
2014-02-15,9,13,77
2013-08-19,3,49,30
2016-03-22,2,35,87
2016-01-15,1,8,55
2013-06-20,2,15,110
2013-01-18,4,38,42
2013-08-17,10,44,28
2014-06-17,9,20,63
2014-12-28,6,16,15
2016-02-11,8,13,78
2014-09-21,6,38,81
2015-06-03,7,13,82
2017-12-16,8,6,73
2016-01-21,1,10,44
2013-01-10,6,18,34
2014-08-22,9,39,65
2017-12-15,5,22,42
2017-10-31,9,25,74
2016-03-04,10,17,39
2017-06-04,10,45,130
2014-06-15,9,19,68
2014-02-24,3,5,7
2013-09-22,4,11,73
2017-03-06,7,23,16
2015-09-30,10,31,59
2013-03-31,4,12,62
2017-07-28,9,34,27
2013-06-30,1,38,79
2013-09-15,7,27,15
2014-07-27,2,37,44
2017-10-22,7,45,78
2017-12-09,7,4,19
2016-06-05,7,27,22
2013-06-10,8,36,81
2013-10-21,2,49,25
2013-05-07,7,12,41
2013-10-11,4,29,64
2016-11-08,5,50,60
2013-02-15,4,15,65
2015-02-23,7,42,13
2015-01-25,3,48,47
2017-06-13,3,37,43
2014-10-25,1,41,14
2014-08-24,10,10,98
2013-03-03,7,44,15
2014-01-08,2,37,25
2017-07-19,8,33,104
2017-07-19,5,25,83
2014-08-28,6,19,37
2015-02-16,8,5,17
2017-10-03,6,13,54
2016-03-23,5,39,20
2015-04-11,3,24,93
2016-03-21,1,25,51
2013-12-09,4,7,32
2015-10-08,10,41,19
2013-07-21,5,12,64
2017-01-07,3,3,41
2015-04-25,7,38,61
2015-05-21,2,35,99
2016-06-11,8,20,94
2013-04-07,4,18,82
2016-03-12,1,1,17
2017-06-03,7,49,33
2013-12-16,6,3,17
2013-06-05,9,18,90
2015-08-01,7,30,32
2015-08-22,3,30,48
2013-11-10,2,7,80
2016-11-13,9,22,114
2013-04-24,9,29,73
2015-10-20,8,17,33
2016-06-14,7,27,18
2016-09-15,6,23,15
2014-05-01,9,37,39
2017-12-14,8,35,53
2017-06-18,1,10,127
2015-03-08,4,43,60
2015-04-04,4,5,19
2016-12-30,5,16,21
2013-01-26,10,14,49
2016-06-15,4,41,19
2015-01-22,8,32,43
2016-12-04,5,35,33
2017-03-30,6,3,34
2013-10-26,8,3,30
2013-08-10,3,9,61
2013-08-19,1,5,16
2013-10-15,9,5,18
2014-08-06,5,1,18
2016-09-27,6,42,23
2017-10-08,7,28,91
2015-02-12,6,11,38
2017-09-16,6,3,40
2015-10-09,1,15,94
2014-06-11,3,31,65
2016-03-14,3,18,69
2017-11-02,10,34,35
2016-10-06,2,46,76
2014-02-05,1,18,53
2014-03-06,4,4,22
2013-01-16,10,29,48
2014-05-14,8,11,75
2013-01-19,7,23,14
2016-12-31,6,43,38
2014-12-04,6,35,42
2013-03-18,2,38,63
2017-01-02,4,33,44
2014-04-30,9,37,26
2013-01-11,1,45,48
2017-12-25,5,1,17
2016-04-15,2,23,41
2014-08-28,6,46,56
2015-09-10,3,29,86
2016-11-07,7,10,54
2014-12-28,6,15,63
2017-12-05,3,49,22
2014-07-05,10,34,36
2014-09-09,6,19,42
2014-11-25,5,36,61
2016-01-28,10,35,47
2017-08-28,3,15,96
2017-12-28,5,48,28
2014-11-30,7,1,27
2017-08-23,10,4,31
2013-10-02,2,40,30
2017-10-20,3,30,47
2013-03-05,2,43,43
2013-03-23,8,40,21
2014-10-05,3,10,110
2014-11-06,9,4,21
2013-11-19,5,22,51
2015-04-13,5,39,23
2015-04-21,4,5,22
2014-03-22,1,19,34
2014-04-30,7,4,16
2017-08-12,10,34,34
2017-03-04,3,12,84
2015-01-11,7,42,27
2013-03-17,3,40,24
2013-12-09,3,28,58
2014-08-21,5,39,31
2013-10-01,10,45,62
2015-03-23,7,25,41
2013-12-20,1,25,52
2016-12-12,9,16,21
2013-01-17,3,1,18
2016-08-14,6,25,80
2013-01-27,1,34,14
2017-10-12,5,36,72
2013-09-08,5,1,16
2017-02-23,3,6,49
2014-02-15,7,37,13
2014-03-15,8,29,76
2016-09-29,6,11,49
2016-05-30,4,17,25
2015-05-25,1,7,46
2014-06-01,1,38,106
2015-05-22,6,10,58
2016-05-21,3,33,93
2014-01-15,8,42,24
2014-06-21,5,26,47
2016-06-22,6,14,46
2015-07-06,6,40,24
2013-04-11,2,23,37
2016-10-19,4,40,31
2017-09-03,8,29,128
2015-02-21,2,33,73
2014-11-27,7,8,48
2013-04-18,4,2,52
2015-03-22,9,48,50
2014-07-03,1,1,25
2017-07-31,8,35,91
2016-05-06,10,33,104
2013-06-27,10,9,58
2015-04-21,8,39,39
2016-10-17,9,23,33
2015-04-27,5,1,14
2015-12-01,9,24,46
2015-11-20,7,7,40
2014-11-03,8,4,19
2013-01-01,4,34,11
2013-05-14,4,31,70
2017-05-01,3,45,87
2013-08-09,10,19,48
2017-05-17,6,28,67
2017-01-14,8,4,18
2016-06-26,5,44,34
2013-12-07,7,16,4
2017-01-05,10,50,67
2015-08-25,4,47,31
2017-01-15,9,32,46
2017-09-27,8,26,74
2015-12-01,10,47,22
2017-12-18,9,14,46
2014-08-11,4,39,42
2014-08-29,10,39,55
2014-06-09,6,18,44
2015-12-02,6,24,38
2015-03-15,9,46,65
2013-06-09,1,43,58
2015-10-19,1,22,58
2016-11-08,8,17,39
2014-07-20,4,42,63
2013-08-16,8,7,60
2016-02-22,8,48,41
2015-09-09,4,9,74
2015-08-11,10,30,56
2015-02-22,9,48,55
2013-08-30,4,1,22
2017-09-24,9,39,69
2016-01-02,3,5,13
2014-10-01,3,7,58
2017-11-28,5,5,16
2014-12-22,3,45,47
2013-12-27,4,42,20
2015-01-29,2,16,22
2014-01-22,5,11,26
2017-03-08,6,1,14
2016-07-15,5,42,44
2014-12-06,7,5,8
2017-06-04,3,25,155
2015-05-28,4,48,60
2017-09-29,8,28,132
2013-07-28,5,12,68
2017-01-12,7,33,35
2015-01-22,2,9,36
2017-04-16,1,5,29
2014-10-07,2,3,43
2015-06-18,8,43,88
2016-03-22,4,18,74
2016-03-11,4,1,19
2016-12-25,8,29,85
2016-09-16,3,27,39
2013-11-16,6,2,44
2013-06-03,5,26,34
2017-12-16,10,49,32
2016-01-19,5,21,24
2013-07-11,5,47,16
2016-07-02,8,41,60
2013-07-31,1,9,55
2013-08-16,5,26,40
2016-12-12,10,5,12
2015-01-26,4,34,14
2013-06-21,4,29,98
2016-09-11,6,7,65
2014-01-16,5,37,16
2015-05-21,5,18,79
2013-05-04,7,28,75
2014-05-02,5,46,59
2014-08-18,9,37,33
2015-08-19,2,26,65
2014-03-04,4,40,34
2014-10-30,3,6,67
2014-02-21,7,29,42
2017-11-11,10,12,105
2016-01-09,2,32,42
2014-03-14,3,23,40
2016-02-23,8,25,73
2016-09-08,9,44,38
2016-04-25,9,7,66
2013-02-06,9,32,30
2016-06-22,8,8,107
2016-05-31,5,15,70
2014-11-17,2,34,20
2014-01-19,3,11,47
2016-07-17,7,10,85
2017-12-31,6,12,49
2015-05-09,2,47,37
2017-09-02,4,7,86
2013-11-14,8,44,25
2016-06-26,3,2,112
2014-07-14,3,32,43
2015-06-02,3,31,76
2013-11-17,2,20,72
2017-12-12,8,29,64
2015-11-21,6,30,45
2013-08-01,6,45,41
2014-08-16,7,9,37
2015-05-11,10,43,56
2015-06-17,5,13,68
2017-03-11,3,15,121
2017-09-25,3,12,80
2013-04-23,9,11,45
2014-09-22,3,28,84
2016-08-05,9,43,76
2017-11-20,7,22,46
2013-08-29,9,5,18
2014-11-08,3,47,26
2015-10-22,2,46,79
2016-04-28,3,16,31
2017-08-20,7,31,60
2015-09-17,6,10,53
2015-02-10,3,47,17
2017-11-23,5,7,58
2017-06-18,1,11,98
2013-04-13,6,31,38
2014-04-09,4,12,65
2014-07-30,6,6,55
2014-02-18,6,46,25
2013-03-14,1,49,26
2014-01-12,7,35,31
2013-01-14,8,36,48
2013-08-14,4,18,99
2015-09-14,1,2,37
2016-05-18,4,1,24
2017-08-24,6,16,23
2014-03-24,2,25,83
2016-07-25,8,8,109
2017-08-03,9,37,33
2017-04-27,9,20,65
2014-11-17,5,35,44
2016-09-21,1,44,25
2017-12-03,2,26,64
2017-03-04,4,27,34
2015-07-06,1,50,75
2017-05-05,10,3,53
2014-04-28,8,32,37
2014-07-31,10,34,36
2015-06-30,3,42,46
2015-09-09,9,27,22
2017-01-25,10,14,40
2015-07-29,8,20,62
2017-12-24,1,11,59
2015-04-01,8,15,115
2014-11-10,10,22,67
2013-04-06,1,4,18
2016-03-13,5,42,33
2014-07-09,1,23,34
2017-07-26,5,40,30
2016-04-08,4,32,46
2013-04-30,1,20,43
2016-08-13,5,46,63
2014-09-18,10,50,73
2014-10-23,8,19,48
2013-12-10,2,37,32
2013-04-21,4,44,24
2014-08-27,4,34,24
2013-10-27,4,19,40
2013-10-10,4,23,27
2014-05-20,10,14,54
2014-11-02,6,35,50
2016-12-07,5,14,33
2017-10-30,5,32,32
2014-02-02,1,6,55
2016-06-22,2,44,46
2017-11-17,1,21,43
2016-11-20,4,22,108
2013-12-28,8,8,55
2017-03-23,3,3,38
2013-07-30,2,46,79
2016-04-13,10,10,74
2017-07-06,9,3,53
2013-03-07,9,15,64
2014-09-04,10,6,64
2013-06-28,8,9,72
2017-12-09,9,4,17
2013-06-08,6,7,52
2016-10-07,4,11,72
2016-08-12,8,4,30
2017-03-04,6,10,54
2014-06-04,9,50,83
2014-04-14,10,26,37
2015-02-15,1,2,53
2014-04-13,10,22,101
2013-03-04,5,39,22
2017-02-11,6,12,50
2015-12-09,5,17,27
2013-09-13,2,32,44
2014-04-22,1,23,19
2014-09-06,10,35,84
2015-05-02,5,29,75
2016-03-16,4,31,55
2015-06-29,7,7,41
2016-04-07,9,1,23
2015-07-02,2,38,140
2017-05-22,9,2,70
2013-07-06,10,32,49
2017-09-19,3,36,107
2013-07-18,8,13,123
2015-09-14,10,28,65
2014-03-06,10,19,46
2015-08-22,2,22,107
2015-11-18,9,23,33
2014-04-01,3,17,31
2014-11-04,5,28,60
2017-07-25,2,17,61
2014-10-24,8,17,39
2016-12-27,10,41,25
2016-05-04,8,9,71
2016-09-16,9,8,119
2013-03-25,9,47,14
2017-12-28,9,8,76
2016-08-23,4,5,21
2014-07-01,1,8,81
2015-08-09,5,46,47
2017-02-02,10,11,67
2015-01-08,7,31,22
2013-01-04,9,29,45
2013-04-30,3,46,47
2014-07-13,10,10,102
2014-05-04,4,42,49
2016-02-12,3,26,45
2016-07-08,5,47,19
2017-02-21,9,6,35
2013-12-01,8,19,36
2014-02-25,5,48,24
2013-10-06,1,25,85
2017-10-27,1,30,49
2016-12-29,8,10,68
2013-07-25,4,29,73
2015-02-05,5,24,36
2013-07-16,4,16,31
2015-03-21,5,13,58
2013-09-06,7,7,40
2016-01-05,5,50,26
2013-08-18,10,40,32
2016-04-17,8,12,113
2014-06-11,6,13,77
2015-01-01,2,34,26
2013-04-02,4,2,44
2017-12-28,9,17,19
2015-05-08,5,35,66
2013-11-14,6,5,12
2014-01-10,2,46,67
2014-08-17,5,15,95
2013-05-12,8,46,67
2017-10-25,6,32,23
2014-10-26,3,21,45
2014-02-07,4,28,67
2015-10-21,2,38,111
2013-10-21,1,21,19
2017-04-07,2,25,139
2013-05-30,10,5,19
2015-06-14,9,9,78
2013-02-17,6,26,32
2013-11-30,4,11,78
2013-08-19,1,9,28
2015-09-04,5,10,50
2015-10-12,2,26,60
2016-07-15,5,21,45
2015-03-19,7,1,18
2017-04-06,7,45,60
2015-08-08,2,37,44
2017-09-14,9,44,37
2014-07-12,9,17,51
2013-12-30,7,29,25
2017-11-30,7,41,19
2014-12-17,9,6,53
2014-12-23,7,4,11
2013-10-31,10,28,88
2017-05-22,5,13,66
2014-09-30,4,4,26
2014-12-16,2,23,26
2016-02-25,10,2,53
2017-09-25,8,42,32
2017-10-10,8,20,61
2014-10-01,5,50,58
2013-10-23,3,43,39
2016-12-12,10,4,16
2013-07-31,6,38,73
2015-07-06,3,9,60
2017-03-26,5,21,32
2013-09-17,8,23,37
2014-10-04,6,15,61
2013-10-12,9,47,24
2013-07-04,1,26,44
2014-06-07,9,27,27
2014-05-22,6,46,37
2015-06-16,4,8,85
2014-06-22,4,30,50
2014-02-13,9,23,25
2017-03-05,4,25,89
2017-01-08,4,9,43
2014-12-18,7,20,32
2017-11-20,10,5,20
2016-11-27,5,43,58
2015-06-11,7,39,34
2016-03-16,1,44,18
2016-04-14,8,3,53
2014-02-07,6,9,26
2016-06-15,3,10,106
2013-12-06,1,8,53
2014-01-31,8,43,39
2013-05-15,8,25,87
2016-03-10,8,23,43
2015-10-28,8,46,71
2014-09-05,1,6,61
2014-06-19,1,39,41
2016-10-08,9,4,29
2016-05-31,5,7,55
2014-05-19,9,6,48
2013-03-25,6,20,17
2014-04-12,3,47,31
2016-09-11,6,45,83
2013-07-05,9,31,75
2015-08-25,7,23,9
2017-06-15,6,49,35
2014-11-30,2,13,138
2015-03-22,8,46,85
2016-08-17,3,45,104
2017-09-09,10,34,41
2017-04-19,10,35,58
2016-06-25,5,47,20
2014-01-10,1,36,52
2015-03-01,9,32,41
2017-03-23,5,42,28
2016-07-28,2,43,91
2017-02-05,8,5,16
2016-12-29,2,6,68
2015-05-02,10,9,75
2013-04-05,5,46,41
2015-12-17,8,49,29
2013-01-28,6,4,10
2016-03-15,4,17,27
2015-02-16,1,9,30
2015-06-03,7,47,15
2013-10-30,3,18,80
2014-10-23,5,31,43
2015-07-29,3,6,75
2015-04-12,1,8,82
2016-01-07,7,42,24
2013-07-16,9,20,48
2014-09-26,9,49,28
2015-03-01,6,7,50
2016-11-05,9,47,25
2015-07-30,5,7,51
2016-12-10,4,21,41
2013-06-28,3,28,112
2015-07-11,2,9,84
2017-04-24,8,45,106
2015-07-25,10,41,43
2014-04-23,3,11,91
2014-08-07,10,3,50
2014-08-26,9,7,56
2017-03-29,6,4,22
2015-12-19,4,43,46
2015-02-27,1,43,20
2014-12-31,3,37,23
2017-08-05,5,37,30
2015-10-29,7,11,35
2017-10-28,9,26,50
2014-05-27,2,31,88
2013-08-30,6,33,43
2016-05-09,8,46,65
2013-10-09,2,17,34
2017-07-20,2,43,87
2017-08-21,10,12,91
2014-12-09,4,36,51
2014-07-25,3,8,114
2015-02-05,5,16,16
2017-11-28,4,39,48
2013-02-05,1,23,12
2015-02-05,4,8,59
2017-06-18,8,41,36
2017-04-25,4,29,91
2015-07-01,8,19,60
2017-01-11,7,46,21
2015-11-14,1,44,32
2015-09-25,10,3,40
2013-06-27,3,11,83
2014-02-05,2,31,47
2014-06-02,6,18,46
2017-10-27,3,27,17
2015-02-11,10,39,32
2013-08-15,1,12,57
2017-05-02,7,17,22
2014-07-22,7,49,25
2015-01-26,10,17,11
2013-06-21,8,36,90
2014-11-13,7,46,43
2013-08-14,1,22,52
2017-02-05,3,9,56
2017-01-31,10,13,79
2015-10-21,1,23,36
2013-02-19,8,36,61
2016-07-21,5,18,108
2014-06-05,10,5,21
2014-07-06,2,45,138
2016-09-07,10,18,103
2017-08-10,7,18,65
2017-09-22,8,1,35
2017-05-02,8,35,76
2013-11-23,7,17,24
2016-07-18,5,5,15
2014-11-16,5,30,36
2017-08-28,9,19,37
2015-05-04,7,16,20
2015-12-25,4,14,41
2016-07-11,2,48,70
2017-05-23,5,23,30
2014-07-19,5,36,89
2017-12-17,2,6,73
2017-02-14,3,5,20
2017-11-28,5,7,48
2017-07-15,2,6,114
2015-03-21,8,19,44
2013-10-05,5,13,56
2015-06-05,5,39,45
2017-02-23,2,34,24
2015-03-16,3,29,59
2015-03-27,2,24,86
2015-07-27,7,49,15
2017-01-11,3,31,44
2017-08-09,9,28,92
2013-05-10,7,38,57
2016-10-30,1,13,98
2015-05-15,5,26,43
2015-11-14,5,19,32
2016-12-28,8,30,35
2015-01-01,5,30,32
2015-01-04,3,43,55
2016-01-17,5,19,25
2017-06-05,4,9,51
2013-05-29,9,5,16
2017-03-05,3,30,58
2014-11-09,6,24,68
2017-11-21,8,1,22
2015-01-22,9,42,35
2013-04-28,4,5,22
2015-02-23,1,7,38
2014-05-20,8,12,101
2016-03-01,4,20,31
2015-12-05,1,3,33
2017-03-14,7,46,37
2015-09-23,8,13,87
2015-06-30,4,18,103
2015-08-17,7,3,18
2016-03-15,9,6,49
2015-04-28,1,9,45
2014-01-09,3,34,15
2015-04-24,2,45,127
2016-06-18,10,10,119
2017-02-02,9,38,55
2014-10-17,8,41,26
2015-11-18,3,1,27
2016-08-15,4,24,69
2014-11-21,2,31,87
2015-09-13,1,12,101
2015-01-30,8,4,27
2017-04-13,6,22,76
2014-09-24,4,28,76
2017-06-08,5,5,18
2017-11-05,3,17,50
2015-05-28,7,41,18
2013-11-27,8,14,54
2016-05-31,8,9,59
2017-04-14,7,14,39
2017-07-15,6,45,104
2014-09-20,2,50,67
2013-01-17,7,43,17
2016-12-03,10,40,28
2013-03-25,2,6,47
2015-04-21,7,3,24
2015-07-28,9,41,34
2016-09-18,3,1,30
2014-11-23,7,48,38
2017-04-20,9,32,49
2014-09-16,9,24,79
2016-11-20,6,10,72
2015-02-10,9,20,21
2016-10-19,7,22,56
2014-10-06,9,10,47
2017-09-24,7,49,22
2014-10-28,7,38,44
2015-09-08,6,24,55
2013-09-17,5,25,49
2014-03-28,10,6,68
2017-09-05,5,20,43
2014-01-02,10,1,10
2013-05-22,2,40,41
2017-01-14,6,39,34
2017-01-05,6,7,35
2017-11-17,1,37,30
2013-09-30,5,11,33
2013-10-19,9,32,49
2014-03-18,8,21,37
2015-06-04,10,41,32
2014-05-25,4,31,69
2013-06-12,1,23,25
2015-08-14,6,2,54
2013-05-21,1,40,24
2017-05-12,6,3,29
2013-01-22,6,12,30
2015-02-01,1,37,24
2015-08-31,7,30,20
2017-10-08,8,19,63
2013-03-11,2,42,23
2016-05-06,9,40,44
2017-02-24,2,46,63
2016-09-21,4,41,21
2017-10-04,3,50,78
2017-12-12,5,33,42
2013-08-14,4,40,14
2014-04-03,4,16,26
2015-03-31,3,27,13
2013-02-20,8,44,19
2017-06-07,9,43,68
2015-06-09,10,12,96
2017-08-09,10,34,40
2013-03-07,3,40,20
2016-03-08,4,15,88
2013-02-24,9,5,18
2015-10-03,9,47,30
2013-10-04,3,41,18
2014-04-07,4,38,68
2016-11-21,4,30,30
2017-11-15,2,5,23
2016-02-19,6,44,19
2016-06-10,10,44,49
2013-09-14,7,26,27
2017-10-16,10,3,38
2016-11-14,9,25,64
2014-03-15,10,4,14
2017-08-18,10,13,128
2015-02-25,10,36,63
2014-04-06,8,50,88
2013-11-13,7,27,14
2015-12-27,7,7,39
2017-01-02,3,38,65
2013-05-28,8,3,40
2013-03-22,1,36,59
2015-10-05,1,31,30
2016-12-26,9,47,17
2016-03-21,1,24,54
2016-03-10,5,31,26
2015-07-14,4,21,48
2017-02-12,3,43,61
2015-06-30,8,44,49
2014-02-24,3,27,8
2013-08-02,10,8,95
2015-11-07,9,6,76
2017-12-03,7,39,26
2014-10-10,1,22,63
2017-09-25,7,1,22
2017-12-14,9,39,44
2014-01-25,8,39,38
2016-06-06,8,16,38
2015-12-04,5,8,48
2016-08-02,4,30,43
2013-03-19,5,12,35
2013-01-03,7,35,28
2017-11-29,1,7,61
2016-04-15,5,44,37
2013-10-10,8,13,84
2015-07-12,10,34,34
2017-05-28,1,50,76
2015-02-12,1,21,25
2015-06-21,1,4,26
2015-09-03,6,36,55
2015-04-09,5,18,85
2017-11-12,3,40,55
2014-03-14,4,38,75
2014-02-10,5,35,27
2016-11-01,2,8,95
2013-03-30,2,36,80
2013-05-14,6,36,54
2017-07-19,9,28,127
2014-09-15,3,31,44
2015-04-24,5,1,22
2017-06-22,9,29,90
2015-08-15,3,9,84
2016-10-14,6,40,22
2013-12-29,3,39,36
2014-08-27,8,3,41
2016-11-19,7,34,21
2013-01-30,10,21,30
2016-03-29,3,39,41
2014-08-20,2,25,102
2017-06-22,3,25,87
2017-12-18,6,22,35
2016-07-31,4,32,91
2015-02-09,2,25,66
2017-09-19,6,33,60
2014-11-27,6,47,15
2016-11-29,1,25,77
2013-06-25,4,23,24
2015-08-18,5,17,19
2015-01-21,4,6,40
2013-10-08,6,16,21
2016-04-24,10,28,140
2013-04-03,1,6,34
2015-11-13,10,29,94
2015-01-18,1,31,35
2013-02-20,2,24,36
2016-03-27,7,19,36
2013-09-17,3,41,17
2017-02-18,9,2,62
2014-09-19,4,46,77
2014-04-17,7,24,51
2013-09-14,4,1,22
2016-06-13,2,3,47
2013-02-12,3,7,39
2015-10-06,9,47,15
2015-08-13,6,23,23
2013-11-11,4,22,66
2017-12-30,4,13,98
2015-09-29,3,43,64
2013-12-20,1,12,50
2015-06-08,8,48,57
2015-01-20,6,36,42
2013-11-22,5,21,23
2017-07-17,1,13,101
2016-09-24,10,44,43
2016-07-31,10,18,151
2017-12-10,5,11,53
2015-12-09,1,39,28
2016-10-19,2,42,47
2013-09-05,6,39,26
2015-06-11,4,23,37
2014-03-14,9,40,34
2017-02-01,9,14,46
2015-04-18,5,4,19
2017-03-07,10,11,87
2016-11-26,3,31,81
2013-01-05,7,20,18
2016-05-24,3,24,79
2016-02-04,7,3,30
2013-05-07,2,16,12
2017-11-03,6,49,38
2015-06-10,4,26,60
2016-07-02,9,22,125
2017-11-20,7,40,16
2015-08-08,4,50,96
2017-02-25,2,19,47
2014-03-18,9,42,35
2015-04-09,10,36,98
2017-02-16,10,44,30
2015-04-02,8,12,103
2017-07-20,8,3,57
2013-10-27,2,44,35
2016-03-18,8,25,114
2013-07-09,3,36,81
2017-09-25,1,11,64
2017-05-30,5,1,23
2014-07-20,1,6,64
2015-11-07,1,22,91
2016-02-29,4,5,6
2016-07-13,4,23,40
2014-10-10,1,26,48
2015-02-26,1,30,22
2015-02-08,6,44,20
2017-07-02,9,18,167
2015-01-11,6,36,50
2015-12-30,5,35,43
2014-07-29,5,28,68
2017-10-27,1,38,86
2013-05-10,10,44,27
2015-06-25,6,24,53
2016-01-14,1,4,14
2017-04-25,7,17,24
2015-01-05,6,48,24
2015-01-02,9,28,63
2013-06-18,6,16,21
2013-08-31,6,40,26
2015-11-27,4,31,70
2016-09-28,7,12,56
2014-04-12,3,38,92
2014-11-20,8,50,91
2017-04-21,1,15,102
2017-12-11,8,32,38
2015-01-14,5,27,9
2016-06-02,6,6,71
2015-12-05,8,15,96
2017-03-06,10,32,42
2017-01-28,1,40,23
2016-05-09,6,39,38
2013-10-19,1,15,74
2016-11-22,8,7,79
2013-04-16,5,16,11
2015-08-09,2,22,142
2014-07-27,5,45,76
2015-12-09,5,3,26
2013-02-28,4,2,44
2017-01-27,3,19,44
2015-12-30,1,47,13
2015-01-09,8,35,78
2016-02-14,7,5,12
2013-08-04,6,8,62
2014-03-07,4,4,29
2016-12-30,8,28,97
2014-04-20,3,14,76
2017-02-15,9,18,71
2015-01-19,3,32,22
2013-11-23,4,34,23
2013-08-31,3,48,59
2014-11-21,9,22,74
2013-01-15,10,28,52
2014-07-13,1,6,73
2016-01-11,8,19,18
2015-08-04,3,12,96
2015-08-13,5,36,65
2014-02-13,1,12,49
2014-12-16,5,34,14
2017-12-29,6,29,44
2013-02-14,1,45,42
2013-05-23,1,7,48
2017-05-02,4,23,35
2013-01-09,5,11,25
2016-05-08,5,25,98
2014-11-20,9,4,24
2013-12-22,1,50,41
2016-03-12,8,5,25
2016-07-22,2,2,127
2015-03-01,1,13,96
2014-05-14,1,1,21
2016-05-15,1,16,43
2016-08-27,10,9,81
2016-10-24,7,10,52
2017-04-26,8,26,68
2015-02-06,7,31,34
2017-07-27,1,1,35
2017-04-01,1,20,60
2015-09-20,6,23,37
2014-11-29,10,9,61
2017-12-29,10,41,26
2015-12-06,4,7,36
2016-03-08,2,19,42
2017-07-24,1,6,57
2013-02-15,4,14,50
2016-06-02,7,43,44
2015-10-16,10,50,77
2016-01-29,3,8,58
2014-11-27,2,48,59
2013-02-01,10,23,20
2015-02-03,1,25,48
2016-11-04,9,36,100
2016-10-30,4,42,43
2015-02-10,3,35,48
2014-06-16,7,24,41
2017-03-12,6,10,64
2013-10-06,1,43,47
2016-06-17,9,36,118
2016-11-04,2,32,74
2015-07-02,5,50,58
2014-11-23,1,41,20
2013-09-07,6,1,16
2013-09-22,10,6,61
2016-09-21,6,47,19
2017-06-17,4,41,25
2016-06-06,7,22,55
2015-02-17,6,14,36
2014-09-14,4,15,110
2015-08-09,7,31,62
2015-04-02,3,2,67
2016-10-29,4,36,91
2017-06-21,4,21,58
2017-01-22,8,19,44
2017-10-25,6,13,56
2013-12-11,9,23,12
2015-03-28,3,24,70
2017-08-21,6,19,28
2017-08-09,10,9,63
2013-07-27,8,10,110
2016-08-02,8,17,45
2013-12-26,7,36,30
2013-11-15,3,31,48
2017-12-14,2,2,77
2014-11-14,10,16,33
2017-09-21,5,4,21
2013-11-08,10,45,92
2014-07-17,1,39,61
2015-08-08,7,38,82
2016-05-04,5,38,57
2016-03-30,7,38,53
2014-04-12,6,45,67
2014-11-29,6,18,71
2017-03-21,6,10,60
2014-05-11,3,11,105
2017-09-07,3,9,71
2016-01-31,8,16,25
2017-07-07,2,9,86
2017-11-20,2,13,101
2013-10-16,1,6,37
2015-11-06,4,11,78
2015-04-30,5,44,21
2014-05-15,8,10,87
2013-10-31,3,6,57
2017-02-24,4,45,67
2013-03-05,2,48,61
2016-09-30,5,18,75
2013-06-24,1,46,41
2013-07-18,6,8,55
2015-10-07,4,5,21
2016-01-01,2,10,76
2013-01-01,9,29,34
2013-10-16,6,14,32
2014-03-10,2,36,57
2013-09-12,6,10,49
2013-06-02,8,21,54
2014-07-21,4,19,41
2017-12-02,10,40,25
2014-01-04,1,42,18
2015-08-04,5,37,19
2013-10-14,10,5,12
2014-12-04,8,49,29
2014-03-18,4,37,22
2016-02-14,2,8,104
2013-03-10,8,23,30
2016-10-12,5,14,40
2017-05-05,1,14,61
2013-03-17,2,38,102
2016-05-14,5,10,80
2014-10-14,9,45,78
2013-01-10,1,14,24
2017-06-01,7,17,34
2014-01-31,2,17,26
2013-05-19,3,34,30
2014-03-12,3,2,59
2014-01-06,10,48,33
2017-12-09,5,43,46
2017-06-04,2,21,93
2016-12-06,9,44,21
2016-07-08,3,46,107
2015-11-20,4,8,93
2015-05-09,3,22,131
2013-03-07,4,20,41
2017-05-07,4,44,48
2015-03-25,2,16,26
2014-08-17,9,22,116
2015-06-01,1,28,77
2013-09-05,5,29,49
2014-01-20,2,41,22
2013-07-05,2,44,42
2014-11-06,10,47,29
2013-10-29,4,6,55
2017-12-10,1,36,80
2016-10-16,10,7,70
2014-02-09,4,23,22
2015-10-14,3,12,66
2014-09-09,6,33,51
2016-08-14,10,26,98
2014-07-10,4,46,85
2015-08-20,9,12,62
2014-08-08,6,41,15
2013-01-22,8,43,33
2016-05-14,3,6,100
2016-11-01,4,2,74
2013-09-11,5,43,37
2013-01-22,3,12,31
2017-05-15,3,23,26
2014-05-06,6,7,40
2016-03-12,6,42,30
2017-10-16,4,21,37
2015-06-18,1,44,29
2014-01-29,3,31,46
2014-05-28,6,24,48
2014-04-26,4,20,60
2015-03-25,1,45,72
2015-09-07,5,31,48
2017-01-27,5,33,55
2016-07-20,4,39,71
2017-10-26,7,36,54
2017-06-20,7,42,27
2017-10-03,10,48,70
2014-05-06,4,40,33
2017-04-29,2,17,61
2013-01-13,4,38,67
2013-04-04,2,20,56
2015-01-10,3,49,21
2017-02-25,2,30,52
2014-12-19,1,29,50
2017-06-28,4,19,50
2014-03-15,6,44,23
2013-08-21,1,5,13
2017-04-03,6,14,50
2015-08-19,1,26,44
2016-07-06,4,33,82
2017-06-06,1,40,35
2013-08-02,10,32,43
2017-01-18,5,28,45
2013-07-23,10,48,49
2017-11-08,2,10,117
2017-08-13,4,26,69
2015-11-09,7,13,49
2015-04-28,5,13,63
2015-05-19,4,12,81
2017-11-29,4,20,71
2016-02-20,9,6,70
2015-11-28,8,42,45
2016-08-14,9,8,104
2013-04-12,8,11,85
2014-06-17,7,17,19
2013-10-19,6,40,31
2013-05-29,6,30,20
2014-05-03,10,50,90
2013-10-21,8,33,50
2013-03-28,1,36,57
2014-05-22,7,1,17
2017-03-03,3,30,52
2016-11-19,9,7,79
2016-10-11,7,22,57
2015-03-18,7,14,39
2014-10-23,2,35,64
2013-06-29,8,8,129
2016-12-01,9,24,58
2015-09-12,1,34,30
2017-09-03,2,31,109
2017-11-05,5,36,86
2013-11-24,6,30,34
2014-04-18,6,34,20
2015-03-06,7,43,34
2016-09-11,8,42,53
2017-05-15,4,21,40
2014-10-28,5,25,53
2017-09-22,7,5,15
2017-08-12,8,42,55
2016-03-18,8,46,81
2016-01-07,1,15,59
2013-04-17,1,48,40
2013-07-29,3,38,83
2016-07-19,2,12,94
2017-11-11,7,14,46
2014-06-30,1,34,18
2017-11-24,8,1,40
2016-02-10,1,29,37
2015-10-11,2,3,51
2016-10-10,3,9,47
2014-08-05,7,44,17
2013-04-12,9,44,24
2015-03-29,8,6,86
2017-05-15,7,23,22
2016-05-30,10,43,50
2016-04-23,6,30,40
2015-07-05,4,18,157
2017-06-18,2,5,36
2013-02-27,3,23,21
2016-05-19,7,39,33
2013-09-17,1,8,59
2015-11-07,7,43,50
2014-07-28,2,24,84
2013-04-21,7,23,17
2017-08-10,9,43,61
2014-01-25,9,49,20
2014-10-25,5,18,72
2014-07-30,10,41,24
2014-03-31,3,7,41
2014-02-17,6,33,35
2016-03-02,10,25,82
2017-08-08,3,1,30
2015-09-28,6,27,16
2014-10-25,7,32,40
2013-12-29,3,9,47
2013-06-14,8,39,48
2017-12-26,1,1,16
2013-06-10,6,8,49
2013-04-16,4,48,31
2014-12-13,2,14,62
2017-11-27,3,26,39
2015-12-14,10,27,17
2017-07-06,6,9,63
2015-04-28,8,45,97
2013-08-17,5,39,20
2013-09-24,7,16,14
2016-05-06,7,29,72
2014-08-11,3,40,26
2013-03-01,2,31,56
2016-05-19,9,31,64
2015-05-04,7,21,25
2014-01-03,2,15,92
2016-02-03,7,24,28
2017-06-27,2,20,80
2016-10-21,3,42,52
2014-03-10,5,8,38
2014-10-24,2,39,57
2017-05-22,7,17,11
2016-09-13,6,7,38
2017-04-28,10,49,54
2013-01-18,7,27,10
2017-06-06,3,37,51
2015-11-11,5,6,37
2014-06-26,7,6,43
2014-02-03,9,17,19
2015-06-25,10,38,109
2017-10-11,8,12,105
2015-10-15,10,30,54
2014-04-03,5,16,19
2014-09-09,7,22,59
2016-05-03,2,35,112
2015-07-31,3,46,64
2016-09-16,5,30,29
2017-08-08,4,40,49
2014-11-28,3,9,55
2014-07-11,2,28,143
2016-01-03,6,33,49
2017-11-03,9,27,22
2016-07-11,1,26,49
2014-03-25,6,19,35
2015-01-27,7,43,19
2015-04-15,9,44,38
2017-03-25,5,3,38
2014-09-19,5,16,26
2015-05-20,4,25,93
2014-06-15,8,34,40
2017-11-15,8,28,131
2017-01-27,9,49,30
2014-01-17,6,1,9
2013-12-09,3,20,23
2016-01-04,1,40,14
2014-12-29,2,4,20
2016-06-14,8,34,38
2014-03-27,2,5,17
2016-11-10,10,30,57
2013-10-26,7,35,42
2017-11-19,2,22,138
2015-10-07,3,27,18
2013-01-03,10,32,26
2014-11-30,10,28,124
2014-12-16,10,36,62
2013-08-30,6,12,53
2017-05-30,7,20,36
2014-03-12,7,2,37
2013-01-07,6,24,29
2016-08-26,1,39,37
2013-02-21,7,25,38
2013-04-19,3,6,59
2016-02-13,8,6,65
2017-07-20,6,49,28
2017-08-08,8,8,126
2017-03-25,4,46,105
2013-03-11,9,22,52
2013-10-09,10,21,38
2015-11-20,8,33,83
2016-05-21,5,5,20
2015-06-06,2,25,131
2014-04-22,1,39,26
2015-03-27,8,5,17
2017-08-14,7,25,61
2016-09-12,8,2,71
2013-11-15,2,44,35
2013-04-02,9,34,23
2013-08-07,2,33,62
2017-02-20,1,2,32
2015-02-06,5,17,24
2014-10-16,8,11,61
2015-01-20,3,1,16
2017-06-21,4,3,45
2015-09-30,2,50,83
2017-09-07,4,7,59
2016-11-21,1,44,22
2014-10-31,10,5,21
2017-09-03,10,4,26
2017-08-16,8,6,76
2014-11-01,4,20,59
2013-10-27,1,50,67
2017-05-10,6,7,57
2017-12-24,7,6,32
2016-11-18,7,16,20
2013-02-12,7,47,4
2015-10-02,10,15,115
2016-04-17,6,16,18
2017-01-27,5,35,40
2016-05-11,6,6,41
2017-11-23,9,5,23
2015-09-14,5,5,14
2017-04-23,10,21,71
2017-03-15,2,45,106
2016-11-25,2,34,45
2016-09-28,1,42,48
2014-12-28,9,3,26
2016-05-04,9,44,31
2017-07-10,10,26,64
2017-01-25,9,18,70
2014-10-05,2,14,84
2015-12-28,9,13,64
2013-08-14,5,6,38
2016-08-31,8,26,71
2016-05-06,3,39,60
2016-05-08,3,37,57
2013-12-18,9,24,39
2013-04-26,6,2,42
2014-12-28,8,45,92
2013-08-18,2,39,55
2017-09-12,4,50,76
2016-12-04,9,16,22
2014-03-31,6,16,16
2015-04-24,1,11,98
2014-01-10,7,30,18
2017-05-08,1,38,73
2015-05-10,8,29,116
2013-03-20,2,34,26
2015-03-20,5,37,17
2015-11-01,5,35,57
2015-08-13,7,10,69
2017-06-01,5,11,77
2013-12-06,2,32,38
2013-05-30,9,6,51
2016-01-06,2,43,46
2016-02-13,3,27,18
2015-05-20,1,21,50
2016-08-29,10,11,69
2014-08-14,10,45,95
2013-02-27,10,13,49
2016-10-08,1,18,76
2013-09-24,5,30,22
2016-01-23,4,47,11
2017-03-03,2,50,106
2014-06-18,8,17,43
2014-07-06,4,5,29
2013-10-16,9,3,24
2013-11-08,10,47,22
2016-01-11,5,5,9
2016-06-19,5,1,24
2016-08-20,10,1,23
2016-12-03,8,41,22
2014-05-14,10,40,21
2017-01-05,1,25,57
2015-10-29,4,48,53
2017-01-10,4,36,48
2015-10-29,3,11,97
2014-11-12,2,43,57
2017-11-07,3,25,89
2014-10-19,7,8,54
2015-12-17,2,47,17
2016-10-04,10,47,27
2014-09-19,9,43,55
2014-08-27,7,40,23
2015-10-23,10,44,39
2017-07-04,3,4,35
2017-03-24,8,33,82
2015-05-12,9,35,68
2013-05-14,2,26,51
2015-09-01,6,24,44
2013-05-21,10,35,71
2015-05-12,2,10,103
2014-01-03,8,48,42
2013-06-12,3,33,60
2017-07-16,9,8,131
2013-12-18,3,36,56
2013-12-01,1,24,43
2015-04-20,8,46,61
2015-04-04,3,23,47
2013-06-05,1,49,24
2014-03-03,7,38,32
2014-06-17,9,38,86
2015-03-28,10,44,34
2017-11-07,1,40,32
2013-09-05,9,1,29
2016-11-20,7,9,48
2014-04-22,3,19,43
2014-08-26,1,24,55
2015-01-28,1,18,52
2015-03-30,7,47,11
2015-10-09,6,7,53
2015-11-10,8,9,72
2013-12-29,10,18,77
2014-10-31,8,39,61
2017-11-20,10,48,56
2014-05-27,5,41,18
2015-07-09,8,24,93
2016-11-02,1,31,59
2014-04-21,5,12,36
2015-10-08,8,43,49
2015-01-04,5,50,37
2015-03-12,9,4,25
2014-09-07,6,15,69
2016-05-12,5,29,63
2017-09-06,1,36,81
2017-10-29,1,31,70
2015-07-08,5,33,59
2017-08-07,4,38,85
2017-09-19,6,31,38
2016-01-04,9,23,19
2014-12-22,10,43,42
2015-08-10,4,7,50
2014-02-08,4,49,27
2017-03-02,6,36,63
2014-01-22,7,12,33
2017-10-23,8,14,71
2014-09-08,5,44,18
2016-04-14,4,43,48
2015-09-28,5,1,16
2013-09-28,7,12,52
2016-03-03,1,31,50
2016-11-21,10,19,48
2015-02-09,9,46,40
2016-07-08,1,25,108
2015-08-07,8,38,113
2017-09-05,9,31,81
2014-12-26,3,3,32
2016-12-09,1,35,69
2017-08-13,10,37,56
2015-02-04,10,40,21
2014-08-30,6,23,30
2014-01-24,8,39,37
2016-11-20,9,43,57
2014-07-15,4,23,41
2015-10-20,1,19,28
2016-11-02,10,11,78
2015-03-28,5,3,32
2017-03-01,3,25,85
2013-04-29,2,21,27
2015-02-23,10,49,17
2016-06-05,9,5,30
2015-06-26,6,37,22
2015-02-23,3,5,19
2016-09-03,4,12,109
2013-01-02,7,31,28
2017-09-11,5,46,33
2013-01-15,8,25,48
2014-09-30,7,36,53
2013-07-25,5,33,43
2017-04-22,3,23,42
2017-02-09,8,2,70
2013-09-29,8,4,26
2015-06-21,9,49,56
2014-07-01,9,20,57
2013-08-08,7,2,38
2016-03-26,6,45,82
2015-03-05,3,26,46
2015-03-12,9,21,56
2016-06-21,3,3,49
2017-06-23,6,50,93
2013-07-13,8,45,123
2013-10-16,7,47,8
2014-01-01,7,2,26
2014-12-03,10,6,41
2013-08-11,8,33,95
2017-01-11,6,40,15
2015-11-22,1,2,66
2014-06-27,4,30,41
2013-02-18,10,31,24
2016-09-07,6,40,18
2015-06-11,3,31,88
2013-11-30,4,1,21
2013-08-31,2,12,91
2017-01-30,9,4,14
2014-01-26,1,48,36
2015-07-01,5,43,50
2013-09-23,4,11,50
2016-05-11,2,7,73
2013-01-08,10,11,44
2017-10-16,3,1,19
2014-06-13,3,20,78
2017-10-05,9,7,70
2013-05-24,6,45,61
2017-01-17,8,13,68
2017-11-03,3,16,35
2016-02-17,7,5,9
2013-05-19,3,38,98
2015-11-10,10,24,65
2015-06-05,10,20,65
2014-09-13,10,50,98
2014-10-03,6,16,23
2015-09-23,6,6,51
2014-02-11,9,14,44
2016-03-27,5,46,37
2017-07-15,9,15,150
2016-02-18,6,49,16
2016-11-05,1,20,60
2017-04-18,1,43,52
2016-04-25,1,2,36
2015-12-02,9,27,14
2013-06-21,6,24,60
2014-01-23,7,25,29
2016-10-08,7,34,25
2016-08-01,1,20,32
2017-02-22,7,8,42
2016-01-07,6,38,58
2013-07-13,4,20,56
2017-12-01,7,24,45
2014-10-14,4,14,31
2014-05-13,5,5,11
2015-11-14,1,16,26
2014-09-27,10,38,93
2013-03-02,6,33,45
2013-02-26,3,48,24
2013-06-08,1,33,58
2015-08-17,4,25,73
2014-08-28,5,45,61
2017-08-22,3,41,44
2015-09-27,2,9,71
2017-04-18,4,32,36
2014-09-02,10,3,31
2014-06-20,3,30,54
2014-06-24,1,30,42
2015-12-21,4,40,11
2017-01-16,2,49,16
2013-09-06,7,12,43
2013-10-28,9,21,23
2016-10-12,6,1,15
2017-12-11,5,3,15
2015-12-25,2,42,49
2015-08-19,10,23,31
2017-05-13,1,3,59
2015-09-22,1,50,53
2014-10-13,9,6,48
2013-11-08,8,7,71
2017-01-27,4,4,18
2016-11-27,5,9,56
2013-08-12,9,6,50
2017-12-13,8,40,28
2013-02-03,9,36,64
2013-10-17,10,9,48
2016-09-26,9,19,28
2017-06-17,10,28,145
2016-08-30,5,28,79
2014-12-20,5,3,33
2017-05-24,3,27,31
2017-06-06,6,36,76
2014-01-11,2,44,22
2014-08-11,10,31,56
2015-07-07,9,28,108
2017-12-09,8,35,82
2017-05-25,2,27,39
2015-02-19,8,5,24
2016-01-21,4,25,65
2017-09-01,5,25,73
2017-09-11,1,35,70
2016-11-29,7,45,56
2013-09-27,3,31,54
2016-10-22,2,30,72
2015-05-06,6,14,42
2017-04-13,3,2,87
2015-05-07,3,17,35
2014-03-27,10,32,51
2014-12-28,1,30,27
2013-03-30,4,35,44
2015-08-18,10,4,24
2014-08-13,3,24,82
2016-04-13,10,42,41
2017-07-13,1,42,48
2014-07-30,5,40,27
2013-10-22,3,23,23
2014-09-09,10,13,81
2013-01-07,8,13,61
2013-07-20,1,5,20
2016-05-16,2,2,73
2014-04-04,7,10,63
2016-02-29,1,32,25
2014-01-16,1,22,45
2013-07-15,2,3,52
2013-11-25,9,10,64
2015-12-29,3,41,20
2016-09-20,7,8,51
2017-03-16,4,26,58
2015-01-18,6,48,41
2013-08-03,3,29,97
2017-12-07,8,42,38
2016-03-10,3,23,26
2015-08-22,7,3,33
2016-05-19,4,44,34
2017-02-27,7,41,7
2015-10-08,2,19,49
2013-06-16,4,35,81
2017-09-22,7,16,18
2013-10-20,6,4,18
2015-05-24,4,20,72
2015-07-22,3,19,55
2017-09-20,5,27,21
2015-05-31,7,34,28
2013-07-09,10,25,75
2015-09-04,4,50,71
2014-09-08,1,15,58
2016-09-13,7,49,21
2015-04-23,7,8,59
2015-09-13,10,8,108
2013-10-17,1,20,38
2013-11-15,10,34,23
2014-12-08,9,32,16
2016-11-27,3,49,40
2015-01-27,1,13,46
2013-01-16,8,15,61
2015-04-14,6,30,33
2013-05-08,1,27,9
2016-10-25,3,47,25
2013-09-26,1,40,26
2017-12-22,2,32,56
2016-06-16,6,32,49
2017-08-05,6,43,50
2016-07-25,2,47,33
2015-09-24,2,36,118
2015-11-23,3,43,42
2016-06-26,7,12,85
2013-09-13,5,28,71
2015-09-12,8,45,117
2016-11-14,8,17,30
2014-10-26,9,40,30
2017-10-07,2,8,145
2015-09-17,4,22,90
2017-08-11,8,33,118
2013-02-14,9,17,22
2015-05-02,7,8,62
2016-07-28,1,20,59
2016-11-17,10,42,51
2015-03-19,6,8,43
2014-05-03,2,43,81
2014-10-31,10,1,31
2013-02-09,10,42,27
2015-06-29,10,5,20
2013-09-20,5,7,40
2014-11-03,8,46,55
2014-08-08,1,8,84
2014-08-04,7,44,16
2014-02-13,10,10,59
2017-06-19,9,4,22
2013-06-20,6,8,66
2013-03-19,7,6,38
2015-03-14,10,32,62
2016-03-23,10,43,49
2014-01-02,5,1,8
2013-05-29,8,8,78
2017-06-01,7,26,47
2015-04-02,2,9,69
2016-08-30,5,46,54
2017-11-10,10,28,132
2017-12-31,3,18,106
2016-08-02,1,1,22
2013-10-17,2,35,74
2017-07-17,8,41,30
2015-04-09,10,25,86
2015-04-20,9,32,46
2015-03-03,8,15,84
2015-05-12,7,36,55
2013-08-22,3,21,62
2013-04-15,4,27,24
2014-09-19,1,37,26
2013-03-15,7,47,13
2017-09-03,8,33,119
2015-06-21,8,25,150
2015-11-12,4,48,41
2013-06-02,2,49,50
2017-12-12,3,36,52
2014-03-27,5,10,58
2013-06-16,2,46,104
2014-05-02,8,3,51
2013-09-07,6,14,41
2013-11-10,6,13,74
2013-08-04,10,21,44
2015-01-14,2,28,64
2017-12-19,10,29,64
2014-07-19,1,24,82
2015-03-01,5,29,55
2017-05-19,9,2,108
2013-07-31,8,26,57
2015-12-06,7,22,49
2013-04-19,5,43,38
2013-03-04,5,26,24
2013-04-25,2,18,101
2013-12-22,7,16,13
2017-01-26,8,48,45
2014-01-04,1,28,68
2016-04-05,2,16,32
2013-04-05,6,28,54
2013-04-22,10,35,47
2013-04-30,10,6,38
2016-08-16,5,7,52
2015-07-31,2,27,35
2016-01-05,5,44,17
2017-03-22,2,24,79
2013-07-21,4,11,90
2017-09-02,9,39,67
2016-09-10,7,21,28
2017-06-05,10,6,74
2016-09-30,8,26,73
2016-04-30,5,29,86
2016-06-17,8,45,120
2013-01-27,3,35,55
2017-04-20,7,43,44
2016-01-12,6,48,30
2017-02-19,10,31,72
2017-04-24,1,41,20
2015-10-21,9,22,80
2014-09-16,7,13,48
2015-03-31,6,45,52
2014-02-13,1,18,45
2016-10-09,3,12,107
2017-01-06,8,38,74
2014-01-13,1,23,7
2015-09-28,8,9,55
2013-05-30,8,38,88
2013-05-17,1,48,50
2015-08-23,6,29,76
2016-09-23,1,36,86
2017-06-10,2,38,157
2017-10-04,4,12,62
2015-10-09,6,50,50
2013-09-22,4,36,78
2017-08-04,1,25,103
2013-04-25,6,6,39
2014-07-12,2,24,119
2017-05-26,6,32,47
2016-04-12,1,22,81
2013-07-31,3,17,48
2016-01-25,5,14,32
2014-01-22,6,44,15
2013-01-01,10,8,49
2014-04-06,2,47,28
2013-04-12,3,27,25
2014-10-14,7,27,13
2013-08-10,9,30,54
2016-12-02,5,41,12
2016-11-27,1,36,98
2013-04-13,1,40,34
2017-07-03,4,33,73
2017-02-09,9,34,26
2016-02-14,8,49,36
2016-04-08,7,16,24
2017-03-30,5,15,72
2014-09-20,1,21,33
2013-04-08,1,40,14
2015-03-29,1,11,69
2017-12-19,4,17,22
2015-03-24,10,18,85
2015-07-05,10,38,138
2014-01-23,2,35,53
2013-05-08,1,49,17
2017-04-13,8,31,106
2015-02-08,6,43,32
2016-05-25,9,15,112
2017-08-17,10,5,22
2013-04-14,2,31,62
2017-07-25,9,48,83
2016-05-10,2,3,51
2015-07-27,6,19,28
2016-11-02,3,29,87
2016-11-08,1,22,90
2016-09-12,8,7,73
2013-05-13,9,30,39
2016-10-25,8,12,88
2017-08-02,7,29,74
2015-11-29,2,23,49
2016-09-18,6,10,86
2014-03-18,2,50,48
2017-10-28,2,29,109
2015-04-11,7,44,24
2014-10-31,2,21,52
2017-07-08,2,27,49
2014-07-25,6,41,20
2015-03-09,4,25,67
2015-03-10,9,4,20
2013-01-02,3,38,58
2016-04-03,5,49,32
2016-02-28,3,41,22
2017-03-07,7,6,35
2015-05-15,9,36,88
2016-01-16,8,43,52
2014-07-28,4,22,85
2017-07-11,8,9,102
2015-02-10,1,43,37
2014-02-02,10,34,21
2013-07-14,4,7,81
2017-11-09,9,24,82
2013-05-12,2,1,38
2016-09-22,6,31,52
2017-12-10,2,20,58
2014-05-04,3,41,33
2016-12-11,7,42,24
2016-11-11,3,5,28
2013-04-21,3,35,74
2014-09-26,1,43,48
2016-05-03,9,27,30
2015-11-05,10,41,25
2013-12-18,3,4,16
2015-07-16,2,40,41
2016-01-13,9,44,16
2015-04-23,4,2,75
2016-10-06,5,19,39
2014-08-11,5,39,33
2014-07-08,2,3,59
2017-04-06,3,43,61
2017-08-31,8,39,46
2013-01-03,3,50,39
2014-03-20,1,15,57
2014-09-16,4,13,94
2017-03-28,6,17,27
2017-04-01,7,11,69
2014-04-05,3,46,70
2014-03-02,6,24,63
2017-10-02,4,50,82
2015-01-06,9,26,24
2016-10-05,4,6,46
2015-12-02,5,32,26
2015-01-02,7,2,26
2016-03-04,8,21,59
2016-04-18,3,24,68
2017-08-26,10,6,82
2017-09-09,1,11,97
2015-09-08,7,40,26
2014-12-19,4,13,64
2015-06-11,10,25,113
2016-12-14,9,4,15
2016-12-27,5,9,36
2013-08-31,5,34,25
2013-05-07,8,49,37
2014-04-24,4,11,76
2016-12-07,7,9,19
2017-04-20,3,44,35
2015-06-11,5,9,47
2014-09-23,3,17,44
2017-05-06,8,5,33
2013-06-25,1,44,37
2015-12-24,9,6,48
2015-05-18,4,45,61
2014-04-07,2,29,67
2015-06-21,7,7,48
2013-09-18,4,22,71
2013-02-09,8,50,54
2017-02-02,3,39,52
2016-11-13,5,24,53
2016-01-31,4,6,50
2013-05-09,7,23,18
2017-06-05,8,36,83
2013-07-14,7,43,49
2016-05-30,4,46,54
2015-02-04,10,30,35
2014-12-11,1,46,37
2014-08-19,6,16,19
2013-05-21,10,49,25
2016-12-13,8,41,15
2015-04-29,9,43,56
2013-04-28,4,35,58
2013-06-06,7,1,6
2016-12-06,3,46,42
2014-12-28,3,50,82
2017-08-07,1,50,67
2017-01-31,8,30,35
2014-02-17,7,20,18
2014-11-24,5,12,56
2013-01-18,5,8,37
2016-01-07,7,30,17
2013-06-26,5,36,47
2014-01-10,7,28,41
2013-12-23,2,47,14
2016-12-22,2,13,87
2015-01-26,5,30,12
2014-07-23,4,22,102
2016-12-31,10,39,40
2013-12-10,1,16,14
2015-06-21,7,6,62
2013-05-29,9,13,85
2016-09-19,1,28,82
2014-08-02,2,46,68
2015-08-19,6,38,75
2013-08-27,9,2,51
2013-05-11,3,39,48
2015-07-03,3,19,72
2017-04-19,7,12,56
2014-03-17,3,13,76
2016-11-27,6,47,21
2017-03-21,9,27,25
2014-10-27,4,15,58
2013-06-05,6,12,42
2016-12-31,4,20,36
2017-03-08,3,13,88
2013-09-04,4,34,25
2014-07-29,2,8,90
2015-04-07,6,33,61
2015-09-02,10,35,74
2017-06-14,8,21,57
2014-10-03,7,30,27
2017-06-30,1,43,62
2015-05-22,10,17,49
2016-01-26,1,45,48
2017-07-18,6,41,28
2013-11-09,1,22,68
2014-10-10,7,30,27
2014-02-02,1,28,79
2013-02-23,9,34,18
2014-01-22,3,21,24
2017-06-25,6,45,96
2016-05-03,7,41,19
2013-10-10,4,25,76
2014-12-08,3,26,34
2016-03-30,6,34,12
2017-10-31,7,29,49
2013-09-08,9,13,80
2014-07-17,6,11,66
2013-06-09,8,42,61
2017-04-22,8,46,98
2017-06-07,8,41,23
2013-04-21,6,27,27
2013-01-23,9,8,47
2013-11-11,6,46,25
2013-03-09,8,17,37
2014-10-20,1,41,11
2014-04-07,10,4,20
2017-04-07,8,3,50
2013-06-19,9,24,62
2013-10-08,1,27,15
2016-03-04,10,37,39
2016-09-10,1,33,76
2014-03-15,9,35,67
2014-04-30,5,22,51
2015-08-09,6,24,81
2014-05-28,1,32,45
2014-10-15,2,2,80
2016-01-28,4,30,30
2017-10-21,10,20,60
2014-09-21,8,29,106
2016-12-06,2,6,56
2016-11-11,7,34,23
2013-11-08,6,19,34
2015-08-21,9,33,95
2014-03-16,10,46,50
2016-06-21,5,13,72
2013-10-10,3,20,50
2016-01-06,6,20,25
2016-03-02,7,50,34
2017-01-26,10,8,75
2015-10-06,8,5,17
2015-02-10,4,21,32
2017-05-01,6,4,14
2014-06-04,4,24,86
2014-02-28,4,19,31
2017-07-30,2,9,118
2014-05-17,9,30,62
2014-09-15,2,23,30
2015-10-02,7,10,60
2013-10-03,8,13,90
2014-09-23,1,38,62
2013-06-04,9,7,46
2013-07-02,5,29,41
2013-04-30,4,4,24
2015-06-09,9,16,25
2014-11-26,8,12,91
2016-08-19,2,32,80
2017-02-04,6,50,50
2016-03-30,6,29,44
2015-04-01,1,30,30
2015-03-31,8,42,40
2013-05-24,4,28,102
2015-09-04,4,28,77
2015-07-11,4,34,29
2013-03-19,9,15,65
2013-03-14,10,29,69
2013-12-09,9,7,41
2017-08-12,6,12,67
2016-07-22,9,13,131
2013-12-11,9,7,46
2015-09-06,10,7,72
2015-03-11,6,47,17
2016-06-09,8,23,43
2015-06-04,7,47,22
2016-08-30,5,32,35
2016-02-25,10,25,71
2016-03-23,6,1,19
2015-10-20,6,43,47
2014-08-16,5,34,33
2014-11-08,1,39,57
2014-06-03,2,3,48
2015-10-14,8,44,21
2016-11-10,5,46,42
2017-11-11,1,17,30
2014-04-25,8,38,115
2013-10-06,4,31,49
2016-07-21,3,10,120
2017-11-19,4,28,120
2015-06-17,4,25,107
2017-01-18,10,15,75
2015-01-29,9,25,54
2013-09-07,9,14,65
2013-07-12,2,45,126
2016-08-08,1,33,50
2016-07-08,4,29,102
2013-07-15,1,46,44
2016-05-21,7,23,30
2015-11-11,10,3,34
2014-05-25,8,36,134
2016-04-25,1,17,24
2014-02-06,9,50,50
2015-07-25,5,41,31
2013-02-08,3,31,38
2014-11-28,2,15,117
2013-03-27,1,37,14
2015-09-14,9,31,60
2016-10-15,9,5,23
2014-12-10,8,17,29
2014-06-28,5,31,69
2016-06-16,1,40,32
2016-10-10,9,42,39
2014-12-30,2,12,75
2015-11-24,1,28,79
2017-08-07,2,25,88
2016-05-10,4,41,27
2013-01-16,1,38,39
2014-03-07,9,1,23
2013-06-27,10,45,104
2014-10-03,1,39,41
2015-06-02,10,26,78
2017-04-05,2,21,56
2015-04-17,10,36,89
2014-07-12,2,6,107
2016-09-30,3,20,57
2014-04-09,6,25,65
2013-08-29,5,28,63
2017-02-28,9,31,42
2013-01-02,7,35,27
2015-06-28,4,9,71
2013-05-18,7,35,48
2014-07-15,2,48,80
2014-03-16,10,20,59
2016-05-04,9,5,22
2015-06-25,5,38,66
2013-04-18,7,27,10
2015-09-11,2,22,121
2015-01-17,5,23,19
2016-12-20,7,25,40
2013-12-30,4,4,12
2017-06-25,2,24,144
2015-08-29,1,42,38
2013-11-10,1,22,70
2014-02-14,6,30,22
2016-04-12,4,42,45
2013-05-25,8,23,32
2014-03-05,7,16,12
2017-03-15,6,40,25
2015-10-28,10,10,73
2014-04-14,8,45,76
2016-02-09,2,37,35
2014-08-19,5,22,44
2017-11-26,5,17,41
2013-06-24,9,33,47
2015-03-05,5,48,39
2016-01-27,6,35,39
2017-01-17,7,3,14
2017-10-19,2,45,114
2016-01-30,10,14,69
2017-04-09,6,36,97
2015-08-28,7,29,56
2014-07-03,1,44,29
2017-09-26,1,30,36
2015-12-30,1,42,22
2015-07-08,7,29,59
2016-10-12,9,41,26
2014-07-04,6,7,57
2015-08-13,4,11,98
2017-08-12,3,48,88
2015-04-22,7,14,44
2013-02-04,6,28,27
2017-07-01,2,20,97
2015-09-03,6,18,73
2017-07-12,4,26,69
2016-05-05,4,7,67
2016-02-17,10,10,62
2016-12-28,4,6,40
2016-04-06,6,21,31
2017-06-23,2,16,51
2017-12-31,3,1,19
2017-09-19,4,50,80
2015-12-20,4,8,71
2016-01-06,9,35,59
2016-06-19,2,43,104
2015-06-30,7,44,26
2016-10-07,4,4,25
2013-03-16,9,20,32
2015-06-05,3,28,135
2015-09-14,10,38,73
2013-02-27,9,40,20
2014-01-11,6,7,30
2016-08-09,1,48,56
2017-10-15,10,42,58
2015-11-01,10,26,66
2017-01-23,1,14,30
2015-10-23,5,38,51
2015-03-30,9,9,44
2015-11-23,2,25,85
2013-06-25,4,9,48
2013-07-13,8,42,48
2017-02-16,8,27,16
2013-08-25,4,27,21
2014-07-30,9,5,21
2014-05-07,1,13,101
2017-07-13,5,3,45
2016-05-14,10,1,36
2016-08-02,6,24,65
2017-07-10,8,34,45
2017-03-04,8,33,105
2016-07-27,3,41,39
2015-12-09,8,18,61
2013-10-07,8,33,45
2013-03-14,10,15,56
2015-03-28,2,34,29
2013-12-30,6,30,24
2015-11-15,9,25,96
2013-11-09,6,20,32
2015-01-08,6,32,26
2016-06-01,1,24,66
2015-06-24,8,22,102
2015-08-05,2,30,61
2015-05-15,6,47,20
2016-07-04,9,35,76
2016-06-08,7,1,15
2017-04-10,6,49,17
2014-08-05,5,38,67
2015-06-09,6,27,21
2015-06-27,6,45,82
2017-08-30,4,23,41
2014-02-27,5,10,39
2017-05-04,3,11,109
2013-11-04,1,44,23
2017-06-12,2,6,70
2013-01-11,1,44,15
2014-12-27,2,26,49
2017-12-25,4,13,71
2016-09-16,5,14,60
2015-06-21,9,27,38
2016-08-07,4,6,83
2015-04-01,1,37,31
2017-06-19,3,23,26
2015-02-26,2,16,20
2014-07-11,1,11,91
2017-05-26,10,18,130
2016-03-08,4,22,73
2016-04-08,5,8,76
2017-04-08,3,49,43
2014-06-09,5,46,47
2013-10-28,5,27,21
2015-05-12,10,15,104
2013-09-22,9,1,27
2013-04-24,7,26,26
2015-03-27,7,39,32
2013-03-19,7,16,12
2017-06-11,8,28,159
2017-05-05,7,11,69
2015-12-29,10,44,25
2017-06-12,2,40,38
2014-03-28,5,36,50
2014-01-15,3,15,57
2014-09-02,1,5,12
2015-09-01,8,22,116
2013-11-28,8,31,62
2014-08-30,5,30,30
2016-11-20,5,23,30
2016-06-14,7,22,67
2014-02-10,9,28,59
2013-11-28,5,41,11
2017-06-28,10,1,28
2017-11-09,7,48,41
2013-03-08,1,20,33
2013-03-10,9,6,44
2017-03-31,3,48,57
2017-04-02,3,7,74
2015-01-28,3,40,18
2017-06-10,2,17,70
2016-02-27,3,31,59
2014-06-19,6,45,81
2014-08-13,5,49,23
2015-08-09,7,2,75
2016-02-05,7,17,21
2015-05-27,1,20,61
2017-06-13,4,48,81
2016-11-20,8,22,158
2016-08-03,5,48,55
2014-12-29,9,11,44
2015-01-25,10,10,59
2016-12-05,5,12,31
2015-05-05,5,4,18
2017-09-12,7,36,55
2017-11-18,6,40,37
2013-07-08,3,18,84
2013-03-24,6,42,19
2013-12-28,10,19,39
2013-12-18,6,15,39
2013-03-03,5,30,22
2017-12-08,2,29,72
2015-06-27,6,11,80
2013-05-06,7,19,20
2016-05-09,8,37,36
2016-01-06,1,39,27
2017-05-02,8,24,94
2014-12-09,1,47,13
2017-11-12,3,30,56
2013-03-19,4,12,53
2014-06-13,3,7,81
2017-04-14,8,28,137
2013-05-21,5,15,47
2015-09-01,6,47,24
2017-04-27,2,33,83
2016-06-04,4,12,91
2013-11-08,4,50,53
2016-06-04,1,47,27
2016-03-21,2,31,60
2017-02-12,8,14,88
2014-06-21,10,19,53
2016-09-14,6,19,29
2016-04-08,10,10,99
2016-08-02,9,38,91
2013-01-19,5,23,16
2013-05-22,6,48,37
2013-06-22,1,22,86
2014-04-29,5,12,55
2015-08-03,10,1,22
2013-09-08,3,22,94
2015-02-10,5,34,11
2015-01-07,5,27,8
2017-07-27,3,4,34
2013-04-01,5,6,29
2016-05-13,2,27,35
2014-01-28,9,26,22
2017-11-11,6,7,67
2017-05-13,9,7,86
2013-08-31,3,24,88
2014-12-22,4,39,18
2013-01-03,1,44,11
2015-09-10,5,9,42
2017-12-24,3,39,41
2017-01-08,1,12,48
2017-03-04,8,16,48
2014-12-25,7,38,30
2013-09-25,10,42,25
2015-06-27,2,45,141
2015-04-13,2,17,28
2016-02-10,10,46,40
2013-12-17,4,49,23
2016-01-17,2,19,41
2017-08-28,5,13,72
2013-07-31,2,41,21
2016-08-02,6,45,77
2017-01-10,10,33,58
2015-03-29,3,44,25
2015-08-18,4,36,88
2013-05-14,1,20,44
2017-07-20,9,4,34
2017-04-17,6,45,47
2015-05-21,10,1,32
2015-04-19,1,27,31
2013-08-01,3,2,60
2017-01-02,10,25,51
2013-10-20,10,27,31
2015-07-29,2,40,49
2014-03-23,1,29,67
2015-12-22,8,34,21
2015-07-12,1,44,40
2014-02-10,4,1,12
2016-12-13,9,8,60
2015-07-17,4,12,86
2017-01-13,10,3,28
2015-07-08,1,22,86
2015-04-25,2,28,152
2013-12-08,6,19,26
2017-01-03,7,38,33
2017-05-07,9,9,78
2015-06-07,5,31,74
2014-10-24,4,11,79
2015-05-31,5,6,66
2016-02-21,10,25,76
2017-11-12,4,47,31
2015-10-07,9,16,27
2015-11-20,8,16,35
2017-01-20,3,14,40
2016-01-20,2,30,35
2017-01-19,5,4,10
2013-07-27,10,16,32
2016-12-24,6,11,48
2014-04-09,2,1,23
2015-11-24,5,23,23
2016-01-21,3,11,54
2017-03-26,3,6,76
2016-01-24,1,27,19
2016-05-12,3,35,82
2013-05-09,2,12,90
2017-12-31,7,48,34
2013-07-01,5,15,49
2013-03-18,3,47,13
2013-08-11,6,32,42
2016-01-04,8,34,18
2016-10-14,4,1,28
2015-08-19,2,50,80
2017-07-23,3,43,112
2016-01-10,3,18,79
2014-09-23,1,27,19
2016-07-01,2,30,78
2016-11-30,8,24,79
2013-09-28,2,50,79
2014-08-31,5,7,54
2015-07-06,8,28,95
2017-06-07,8,34,44
2016-11-03,4,15,90
2015-01-03,5,41,10
2014-09-10,2,17,37
2016-07-12,5,1,22
2016-02-18,5,32,26
2015-12-08,2,7,52
2015-02-26,3,15,68
2016-12-12,8,19,34
2013-04-20,2,46,67
2016-08-15,4,43,57
2015-12-31,7,48,29
2015-04-22,2,19,42
2014-04-19,4,17,43
2014-04-09,10,9,61
2016-09-18,7,20,44
2013-10-06,3,41,23
2014-08-23,3,14,80
2013-03-22,4,8,61
2017-04-20,8,1,26
2013-09-03,6,22,58
2014-07-16,9,42,57
2014-06-15,9,2,89
2014-05-20,8,27,23
2017-12-02,7,43,34
2013-01-06,9,23,17
2016-07-18,5,17,30
2016-11-06,6,44,35
2017-07-17,8,30,65
2013-08-29,10,28,75
2013-10-06,5,35,37
2014-12-12,10,10,72
2015-10-02,9,9,69
2014-12-29,7,39,17
2013-11-23,2,44,56
2014-07-28,4,27,19
2013-07-11,8,27,24
2015-08-06,1,18,90
2015-01-15,5,47,11
2016-02-29,10,38,53
2015-06-24,7,50,54
2015-07-01,5,37,19
2016-01-04,3,3,28
2017-08-21,9,46,70
2014-09-25,10,8,91
2017-03-16,3,24,76
2017-12-24,10,47,27
2014-01-25,7,26,27
2013-05-02,10,38,105
2016-08-18,9,10,77
2016-02-25,5,1,13
2014-04-20,7,2,44
2016-08-23,2,5,24
2013-09-27,10,48,55
2017-08-11,5,43,49
2015-04-20,8,7,66
2014-11-01,8,24,97
2013-05-18,9,27,22
2013-05-29,3,19,33
2014-10-01,1,29,59
2016-12-08,4,10,62
2015-08-10,3,10,81
2017-07-27,5,49,40
2014-07-10,10,32,62
2015-01-19,2,28,55
2013-06-05,1,9,43
2014-04-14,2,33,76
2017-04-05,3,5,21
2014-02-20,6,1,10
2015-05-13,1,16,26
2014-08-12,7,50,38
2016-05-14,9,45,106
2017-03-30,7,43,49
2013-02-02,2,34,18
2013-11-04,4,8,53
2016-01-17,5,36,43
2015-11-16,4,42,38
2017-09-01,9,28,121
2015-08-09,3,17,49
2015-11-10,4,34,23
2016-10-05,7,18,59
2014-05-19,2,50,71
2015-09-25,7,17,24
2015-03-24,7,28,53
2015-09-30,8,23,25
2014-11-27,7,42,29
2015-08-12,9,14,52
2017-07-12,3,1,42
2013-04-13,8,34,33
2013-07-20,4,22,101
2017-11-23,8,37,41
2013-04-06,3,2,64
2016-11-15,3,29,84
2016-06-19,1,40,52
2013-06-11,4,37,42
2016-04-14,6,24,54
2016-03-02,9,34,17
2016-03-12,2,45,109
2017-02-07,7,40,14
2015-07-12,4,35,100
2015-08-12,2,27,27
2014-08-10,9,49,37
2014-11-23,5,16,18
2015-10-21,9,1,21
2015-10-16,1,6,67
2013-11-23,8,32,64
2017-12-04,6,49,15
2013-08-29,3,4,19
2016-10-21,2,12,96
2016-06-18,6,10,90
2014-12-09,5,31,28
2016-09-01,6,11,62
2015-11-13,5,28,62
2014-04-13,5,4,25
2015-11-21,2,12,103
2017-10-12,9,6,67
2015-12-30,4,13,66
2013-03-23,3,3,31
2017-11-04,7,33,71
2017-09-29,3,37,34
2016-07-17,3,43,104
2015-12-16,2,21,54
2016-04-24,2,5,27
2013-05-13,9,4,10
2014-07-18,2,40,42
2016-03-06,7,6,45
2013-06-24,3,45,80
2013-11-01,5,15,68
2014-05-05,2,8,93
2016-06-08,9,9,67
2013-11-25,3,22,65
2013-07-05,7,7,42
2016-03-17,10,3,40
2015-12-06,6,10,42
2013-08-01,1,46,42
2017-10-28,2,44,34
2017-12-17,4,8,82
2014-10-21,9,4,17
2015-12-22,8,23,20
2014-10-18,6,17,21
2014-06-08,3,31,86
2017-07-07,5,47,24
2017-09-01,6,25,81
2017-02-06,6,27,18
2016-07-06,1,27,23
2014-01-18,3,26,43
2015-11-20,5,8,76
2017-06-29,4,47,25
2013-01-21,9,38,39
2015-05-22,7,20,42
2014-02-02,1,5,13
2013-08-26,8,10,82
2016-07-17,1,25,143
2017-04-05,8,44,35
2017-02-14,3,25,63
2016-10-11,3,24,86
2015-03-03,3,3,31
2017-10-13,8,37,46
2016-10-11,2,31,64
2014-01-18,5,5,6
2017-07-20,1,37,34
2014-05-04,10,21,52
2014-05-15,5,50,55
2013-09-09,5,14,34
2016-11-29,3,15,97
2015-12-24,10,43,57
2014-07-20,10,46,96
2013-08-28,5,18,57
2014-03-20,2,37,33
2014-05-16,6,19,29
2013-07-07,8,33,105
2013-10-23,7,43,32
2014-03-06,7,42,22
2014-06-17,5,23,25
2016-01-03,9,46,59
2016-04-01,8,18,137
2014-09-04,3,28,99
2015-08-07,10,44,37
2014-04-20,2,45,121
2014-05-04,8,25,151
2014-04-12,10,50,107
2015-12-06,8,13,93
2017-03-20,2,43,48
2017-10-19,9,35,89
2014-04-27,9,14,89
2016-12-25,6,42,34
2016-01-11,8,9,35
2016-11-30,2,26,60
2013-09-01,7,44,23
2013-09-06,3,12,92
2017-06-04,2,26,99
2013-09-30,10,8,61
2015-03-26,8,18,82
2014-04-04,5,4,22
2017-04-25,7,36,60
2017-09-27,6,33,54
2016-03-07,5,23,18
2014-12-04,9,16,18
2017-11-19,7,19,39
2017-02-04,5,20,36
2015-03-02,5,45,42
2013-12-25,1,41,15
2017-12-25,1,39,31
2015-03-31,6,15,44
2016-12-25,1,3,38
2017-02-25,4,14,60
2014-01-03,4,27,13
2013-04-01,6,47,11
2014-06-26,1,17,37
2016-06-02,10,40,47
2014-01-18,8,27,23
2016-10-21,5,35,57
2015-11-08,1,33,74
2016-06-04,2,50,110
2013-11-13,5,17,25
2013-10-26,4,11,69
2015-12-12,1,10,56
2013-01-05,3,26,30
2015-08-11,8,6,69
2015-05-01,2,39,57
2014-05-10,8,24,97
2016-10-02,5,7,57
2016-01-06,5,30,25
2017-10-13,1,21,49
2016-05-19,5,50,71
2014-01-21,9,3,17
2015-08-04,10,39,66
2015-09-20,7,28,72
2017-06-25,10,20,87
2014-08-01,6,34,23
2015-08-21,6,23,28
2017-01-19,6,48,27
2013-01-17,4,32,28
2013-03-16,9,42,32
2014-11-04,9,48,65
2017-11-27,5,33,45
2016-10-11,1,49,33
2014-01-13,4,16,18
2016-09-03,7,15,75
2017-07-20,9,31,82
2016-09-10,5,1,18
2014-07-14,5,36,56
2017-08-22,10,38,113
2013-04-13,1,13,70
2013-02-15,1,16,17
2015-11-30,3,36,80
2017-02-07,8,19,42
2015-05-01,4,23,28
2014-11-02,8,33,85
2016-08-18,7,24,67
2013-11-28,10,22,74
2014-12-15,7,45,26
2015-03-01,8,27,31
2016-10-21,6,8,79
2014-04-24,3,31,69
2013-02-23,2,48,48
2015-02-06,3,5,16
2014-04-09,7,23,13
2017-08-03,7,13,70
2014-03-06,5,6,30
2016-11-29,5,33,60
2014-06-09,10,24,74
2016-08-08,7,13,71
2015-11-02,4,40,24
2017-01-10,10,48,35
2015-04-28,10,45,84
2013-11-30,10,40,37
2015-07-18,6,9,55
2013-12-11,10,10,47
2015-09-29,2,9,65
2017-08-23,4,27,29
2013-08-05,9,41,9
2013-07-10,10,40,31
2015-04-15,1,28,76
2017-08-09,1,15,89
2016-09-04,6,46,66
2015-12-05,10,19,38
2016-08-30,4,28,98
2017-09-13,7,49,30
2016-02-29,9,40,24
2014-05-03,4,1,27
2016-02-10,1,40,19
2014-12-29,10,8,43
2014-05-10,8,31,91
2016-10-12,9,38,81
2016-09-21,7,9,39
2015-02-07,2,38,91
2017-05-16,4,25,106
2017-09-14,8,10,96
2016-06-27,10,16,37
2015-01-31,1,31,41
2016-05-21,9,45,115
2015-11-08,8,34,46
2016-02-09,2,20,40
2017-12-09,7,12,41
2017-03-13,8,45,78
2014-07-23,8,35,87
2017-02-10,10,18,91
2014-01-10,10,36,47
2015-08-06,4,33,81
2017-09-06,5,32,27
2014-09-06,10,47,34
2016-07-24,4,3,63
2013-07-21,1,13,105
2014-04-02,2,33,94
2017-11-26,7,27,19
2013-03-22,1,40,21
2016-09-27,7,9,38
2017-02-15,1,15,76
2017-04-17,4,45,70
2014-11-08,2,7,89
2016-03-06,9,21,40
2017-04-09,9,46,73
2016-07-29,10,1,44
2013-10-20,2,21,39
2017-10-07,3,46,87
2015-03-19,9,40,27
2014-10-10,10,20,49
2016-08-07,7,14,61
2017-09-16,7,7,62
2014-02-22,9,30,27
2014-06-16,4,33,70
2017-07-17,10,20,63
2014-08-07,1,25,62
2017-03-15,7,25,64
2014-10-31,8,23,31
2014-01-25,4,23,18
2014-01-27,8,10,53
2014-11-16,6,1,24
2015-09-09,2,30,45
2017-05-19,5,17,49
2015-12-16,10,6,49
2015-08-01,2,21,62
2014-07-06,2,38,153
2013-02-03,10,35,57
2016-06-05,3,4,37
2014-08-09,9,25,93
2015-03-10,7,40,11
2015-03-08,5,42,27
2013-05-02,1,49,24
2017-09-20,7,20,42
2013-02-28,9,5,15
2017-07-26,8,25,144
2015-06-12,8,3,65
2014-04-22,6,28,62
2014-12-16,2,47,25
2013-04-02,10,35,70
2016-06-03,9,21,63
2013-06-14,4,8,103
2013-08-12,2,6,54
2013-08-04,4,19,49
2016-03-29,6,5,11
2014-01-08,3,39,38
2015-12-20,1,26,29
2013-01-11,8,49,22
2014-06-07,5,32,48
2016-03-18,8,29,115
2015-03-26,7,36,35
2016-02-28,9,6,57
2015-08-29,5,33,71
2017-07-14,2,26,83
2013-11-25,5,21,24
2013-05-02,2,14,56
2013-08-21,3,20,53
2017-02-16,10,13,72
2014-11-03,9,36,60
2013-03-19,8,18,74
2015-03-28,9,40,36
2015-01-27,6,38,50
2014-03-21,5,29,66
2013-03-31,6,26,36
2016-06-29,7,14,59
2016-08-13,3,12,100
2014-04-26,8,4,30
2015-05-13,4,49,29
2017-10-24,6,1,16
2016-06-20,6,22,60
2014-07-10,3,2,97
2017-02-25,3,7,66
2017-06-23,4,4,30
2017-12-12,1,19,23
2013-06-17,6,16,12
2016-06-11,9,37,47
2016-12-05,3,49,24
2013-06-30,9,9,49
2015-05-01,7,7,43
2014-11-12,3,5,20
2015-12-22,1,17,13
2013-03-20,10,13,65
2014-06-14,9,43,69
2015-12-06,3,42,34
2015-10-17,2,21,65
2013-09-24,9,3,37
2014-06-13,7,45,57
2017-12-17,4,12,63
2015-04-20,4,18,77
2016-10-16,10,27,25
2017-12-18,2,48,42
2015-10-16,3,30,48
2014-01-25,4,3,36
2015-04-30,2,30,49
2013-08-26,8,8,76
2014-07-23,2,9,69
2017-02-17,3,17,40
2013-12-10,7,33,37
2015-06-12,1,40,41
2016-02-16,4,18,60
2017-11-07,4,41,19
2014-01-18,9,48,51
2016-09-07,8,45,112
2017-10-14,4,11,83
2013-02-27,3,41,16
2016-12-23,5,33,42
2016-06-30,5,47,24
2014-11-15,5,30,34
2017-02-21,6,43,29
2015-04-18,9,41,25
2014-08-01,8,41,27
2015-03-16,7,14,31
2017-04-03,6,36,44
2015-04-17,5,20,52
2016-11-20,4,50,99
2014-03-02,7,17,25
2013-11-12,9,12,58
2014-04-26,4,16,36
2015-05-24,3,43,80
2016-03-25,9,36,100
2016-09-08,4,17,44
2017-10-30,10,26,45
2017-09-07,10,34,27
2014-04-01,9,1,20
2013-10-15,4,18,64
2014-01-04,7,20,30
2015-10-29,2,28,107
2016-05-30,5,5,16
2017-06-07,7,36,73
2016-03-24,9,9,53
2017-02-08,3,10,69
2015-10-29,1,26,43
2016-07-19,8,39,62
2015-12-16,4,27,15
2016-08-23,7,13,62
2013-01-14,4,31,26
2016-01-14,9,14,42
2016-05-31,4,49,39
2016-10-15,9,4,26
2014-08-27,5,4,20
2013-01-19,6,1,9
2013-02-06,10,3,19
2017-07-27,2,21,74
2014-05-23,4,30,36
2017-03-27,8,36,71
2017-08-07,8,4,23
2014-06-17,5,18,82
2016-01-06,7,5,9
2017-09-26,5,19,34
2016-04-02,1,1,24
2013-06-17,10,39,43
2017-03-09,1,24,57
2015-05-19,4,18,103
2017-02-24,3,42,36
2017-05-24,9,18,73
2015-09-29,1,45,83
2013-06-11,4,7,67
2013-05-11,10,3,49
2014-04-10,9,14,57
2013-10-04,2,17,24
2016-01-04,4,36,47
2015-02-09,10,20,28
2017-12-18,10,46,42
2017-09-30,10,40,39
2015-04-28,4,32,36
2014-07-12,10,18,136
2015-09-07,10,35,56
2013-08-10,6,43,55
2015-06-18,5,42,36
2014-03-01,9,12,67
2014-10-30,2,47,25
2014-10-12,9,33,93
2013-09-19,6,5,11
2017-07-14,9,21,66
2016-04-23,3,27,32
2014-06-27,10,13,144
2016-10-19,9,6,52
2014-11-29,7,23,25
2015-03-31,6,47,17
2016-09-13,1,34,32
2015-07-19,2,28,183
2016-11-11,3,21,53
2016-07-30,4,27,44
2017-10-13,8,34,24
2017-11-10,6,31,55
2017-05-26,7,13,80
2016-12-22,2,20,54
2013-04-08,3,31,47
2014-08-26,9,34,27
2013-03-27,10,29,48
2015-09-20,8,3,73
2015-05-10,6,19,51
2015-06-28,5,13,104
2013-12-13,3,47,14
2016-02-22,2,38,71
2014-09-15,2,50,77
2013-10-30,10,27,21
2016-02-09,1,49,20
2014-03-13,1,8,55
2017-12-14,1,44,27
2014-11-19,10,22,77
2013-01-18,3,27,13
2017-10-30,3,36,68
2016-10-28,1,6,59
2016-08-02,5,10,67
2015-11-08,5,32,44
2013-10-20,4,21,37
2014-07-28,10,46,60
2015-07-21,8,38,126
2016-11-11,3,18,108
2017-09-04,2,20,57
2014-09-20,8,3,47
2014-11-16,10,28,113
2017-10-24,10,31,69
2014-06-20,6,17,25
2017-02-19,7,3,21
2017-09-19,6,41,26
2013-07-25,7,31,32
2016-04-12,10,25,103
2015-11-26,10,12,87
2017-06-07,1,47,20
2017-04-17,4,43,58
2016-03-20,10,43,82
2014-01-12,7,32,21
2013-11-24,7,45,57
2017-10-04,9,16,27
2015-01-08,3,35,48
2016-04-28,2,12,91
2016-07-10,9,10,123
2013-02-07,9,45,42
2016-07-09,6,32,54
2013-07-31,10,23,33
2017-06-03,9,39,78
2017-03-31,6,34,22
2017-11-04,5,21,56
2016-06-27,5,35,54
2014-09-26,4,49,23
2017-04-02,3,11,98
2017-03-11,5,31,59
2016-05-14,3,25,152
2016-05-07,4,31,77
2017-07-17,10,23,38
2017-02-06,3,14,47
2017-04-17,6,11,42
2016-06-26,10,31,87
2017-05-03,3,48,76
2017-02-05,5,33,35
2014-03-05,7,37,17
2017-08-05,1,16,55
2013-11-29,9,47,15
2017-12-03,5,38,55
2017-12-09,4,4,16
2015-01-28,10,20,31
2014-12-03,3,8,51
2014-12-19,10,5,9
2015-02-08,9,8,65
2014-11-05,2,39,39
2013-12-18,9,16,14
2015-06-18,7,41,23
2015-11-02,4,22,80
2017-11-15,4,50,89
2015-09-03,4,46,64
2013-05-23,7,39,28
2013-12-10,10,45,54
2015-05-08,8,11,86
2016-01-25,6,25,32
2015-01-13,3,30,33
2015-09-13,5,2,53
2013-02-06,4,28,48
2017-05-12,4,25,106
2015-01-22,9,49,18
2014-07-24,6,1,16
2014-03-06,2,40,34
2013-09-10,1,20,37
2015-06-06,1,7,72
2016-12-13,1,18,64
2013-11-28,1,5,12
2016-01-23,8,33,68
2014-12-04,10,22,66
2017-03-03,7,37,16
2014-01-06,2,7,36
2015-11-28,5,50,53
2016-07-13,2,22,129
2017-01-30,2,48,31
2014-08-24,6,39,29
2013-11-16,9,14,66
2014-07-29,9,15,94
2017-07-28,8,40,62
2015-04-30,4,13,100
2013-12-22,3,36,57
2016-04-10,2,24,109
2014-10-20,4,44,18
2014-07-02,3,32,48
2016-10-06,2,45,127
2016-12-06,4,14,47
2013-09-01,3,38,91
2014-07-07,9,10,80
2013-04-13,1,2,50
2015-07-12,3,27,33
2015-09-29,10,21,48
2013-05-25,6,10,76
2014-03-06,7,47,14
2017-11-29,6,36,66
2013-02-10,9,47,14
2013-11-25,5,44,16
2017-07-28,5,42,44
2016-09-09,1,34,25
2016-10-23,7,10,66
2016-05-18,1,32,40
2016-01-22,9,9,41
2013-04-29,9,21,33
2014-12-01,4,7,34
2015-02-24,6,17,14
2013-05-26,4,12,84
2017-08-24,4,32,47
2014-03-30,7,15,58
2017-08-29,4,38,96
2017-02-01,5,11,29
2013-10-15,6,22,41
2014-07-05,3,3,65
2014-10-04,2,24,99
2014-12-31,3,12,57
2016-03-14,9,48,36
2015-12-30,5,12,36
2015-08-01,2,43,68
2015-04-06,7,30,31
2017-02-21,4,18,61
2015-04-09,5,35,65
2013-08-27,7,25,51
2017-09-14,4,3,68
2017-04-28,10,4,28
2016-04-08,4,14,64
2015-11-11,1,20,42
2014-05-14,10,13,85
2017-11-14,6,28,68
2017-09-18,5,16,15
2015-01-03,7,36,37
2015-01-17,9,20,32
2015-02-11,7,17,13
2015-12-24,7,30,26
2014-06-06,8,24,85
2014-02-02,1,49,24
2017-03-18,2,26,70
2016-11-23,8,8,89
2013-03-02,8,32,41
2015-07-30,5,34,19
2017-09-09,6,48,41
2013-07-20,5,27,23
2013-08-19,8,42,35
2013-12-03,4,43,32
2014-08-11,6,42,15
2013-05-14,8,37,36
2017-06-11,5,16,33
2016-05-01,3,6,94
2014-01-24,4,15,73
2013-08-30,5,47,12
2014-11-14,6,32,35
2014-05-29,2,42,44
2016-11-22,2,2,91
2014-12-21,3,40,30
2016-06-23,5,50,58
2015-12-18,2,20,48
2015-02-28,8,30,40
2013-04-02,1,14,36
2015-05-14,5,28,75
2017-01-19,10,26,53
2014-12-30,10,21,27
2016-08-06,2,19,76
2015-06-29,7,45,42
2016-02-10,10,13,70
2014-08-29,2,19,48
2015-10-13,9,9,56
2013-06-10,1,47,11
2013-06-26,7,4,17
2015-07-25,7,28,90
2016-11-07,7,23,19
2015-06-23,5,22,61
2014-11-19,9,45,62
2016-12-25,1,27,22
2016-01-17,8,38,85
2014-07-05,6,33,76
2015-01-25,2,19,39
2013-12-12,8,40,20
2015-05-08,2,25,117
2015-02-17,10,21,33
2017-06-21,3,18,116
2017-09-09,7,6,59
2016-04-27,10,29,96
2014-05-05,1,9,39
2015-12-10,4,47,16
2013-12-25,7,50,26
2014-09-01,7,39,27
2015-02-17,5,35,26
2014-07-24,4,16,23
2013-02-26,1,1,9
2016-05-27,9,46,88
2013-10-04,6,44,17
2016-02-03,6,17,20
2016-06-25,10,20,71
2013-02-08,10,24,59
2014-01-22,5,25,34
2014-03-07,3,35,62
2017-01-18,5,15,46
2015-02-04,4,35,47
2014-01-06,9,47,6
2016-03-22,10,12,75
2014-06-02,9,1,20
2015-07-20,5,41,18
2017-05-17,1,12,74
2014-01-25,10,37,23
2014-09-29,9,3,35
2016-02-21,4,41,21
2014-06-26,1,12,82
2017-10-29,8,15,160
2014-11-23,9,23,38
2013-04-10,4,6,50
2013-04-09,10,13,66
2015-09-28,1,6,38
2016-09-24,4,48,77
2015-12-19,7,27,12
2013-06-10,1,40,25
2013-02-19,4,27,10
2017-06-14,5,48,41
2017-04-09,6,1,21
2017-03-25,7,15,70
2014-05-11,8,22,117
2014-05-13,1,24,70
2016-08-07,9,16,31
2015-03-03,4,48,46
2015-01-21,4,7,41
2014-11-27,10,23,29
2015-05-09,1,26,61
2015-09-07,6,27,13
2016-04-28,8,37,42
2013-08-05,1,20,39
2015-05-16,10,8,110
2013-09-12,8,37,28
2013-06-05,8,18,84
2017-03-17,4,2,74
2015-10-22,5,34,17
2016-10-06,2,26,57
2013-05-17,1,15,89
2013-05-17,3,29,84
2017-11-30,6,41,20
2013-08-31,1,47,23
2015-08-07,10,1,27
2017-09-09,6,21,27
2017-11-14,3,1,26
2016-01-30,3,14,53
2016-09-15,5,6,40
2015-01-19,6,9,20
2017-01-07,3,40,28
2015-05-15,1,28,95
2015-10-15,8,45,89
2016-07-01,1,35,95
2015-11-23,1,26,20
2013-05-01,9,16,22
2017-02-15,7,2,31
2013-03-13,4,43,49
2013-03-25,3,20,33
2017-12-29,7,9,24
2017-10-02,9,48,53
2013-09-30,6,12,31
2017-09-26,9,4,21
2013-09-04,6,8,47
2017-09-01,4,24,81
2016-02-27,5,35,47
2013-01-30,1,48,24
2014-11-15,6,45,62
2013-06-07,7,11,53
2015-01-25,10,39,51
2015-11-06,2,6,81
2014-11-27,9,5,20
2015-03-02,6,37,23
2017-06-22,9,49,42
2016-08-03,10,48,61
2014-07-23,2,43,87
2014-03-13,8,9,52
2015-06-04,8,36,107
2016-04-15,6,16,23
2016-02-23,6,14,25
2017-10-12,1,38,79
2014-02-07,8,32,45
2014-03-20,6,14,45
2015-01-25,10,30,34
2016-05-31,3,21,51
2017-10-21,1,34,32
2015-04-17,6,28,71
2016-01-26,8,41,26
2014-05-27,1,30,32
2017-05-06,10,38,128
2017-11-01,9,4,23
2015-07-12,2,6,124
2013-07-10,2,5,21
2017-03-31,6,30,31
2016-04-09,10,12,118
2013-12-04,2,13,71
2016-03-15,10,42,44
2016-10-28,3,11,89
2017-10-17,1,46,56
2014-07-10,10,50,93
2014-02-10,4,31,35
2014-06-14,3,41,31
2016-07-20,9,36,102
2016-02-19,5,39,32
2017-07-09,6,19,51
2017-05-08,1,18,74
2013-06-18,1,25,85
2014-02-09,5,44,16
2013-11-25,10,27,18
2017-05-20,1,24,78
2013-07-10,9,45,96
2017-07-14,5,47,25
2017-07-06,4,31,81
2015-11-24,1,50,40
2016-06-26,7,32,57
2016-07-30,9,38,126
2015-09-03,9,43,62
2017-05-06,8,7,76
2017-02-14,7,21,15
2014-02-04,6,16,14
2017-07-21,8,37,60
2017-09-03,3,6,78
2016-04-09,10,8,107
2014-07-25,1,28,93
2014-07-19,6,23,39
2015-10-24,2,44,43
2014-10-05,5,30,39
2017-12-31,4,49,30
2015-05-26,2,9,68
2017-05-28,1,9,64
2014-10-13,7,1,6
2017-02-19,1,5,19
2014-05-10,3,46,64
2016-04-16,4,47,26
2014-11-17,3,4,24
2013-12-06,6,41,9
2014-11-13,9,38,74
2017-05-24,7,18,62
2016-06-25,4,14,85
2014-11-07,5,4,16
2017-04-08,9,44,39
2016-05-28,7,10,77
2017-12-08,1,30,32
2016-12-06,7,14,32
2013-06-20,5,39,32
2014-07-29,6,41,20
2013-02-15,1,30,24
2014-05-01,1,40,22
2014-10-01,10,7,51
2013-05-11,1,43,53
2015-07-03,6,19,48
2014-07-29,8,19,62
2014-07-23,5,30,41
2013-06-14,8,42,37
2015-06-04,8,30,50
2017-01-10,2,30,34
2013-09-04,5,7,31
2013-08-30,1,24,68
2017-02-14,5,46,30
2017-02-24,9,43,39
2017-02-09,4,30,27
2016-07-11,4,1,29
2013-03-11,3,32,23
2017-11-09,8,38,121
2016-02-09,7,18,48
2016-03-29,4,2,54
2014-05-21,5,46,41
2013-11-19,4,25,70
2013-11-13,9,42,31
2013-05-23,7,49,21
2017-09-27,3,43,62
2016-11-10,1,19,49
2013-05-16,9,8,78
2013-01-24,10,4,11
2013-09-12,6,38,50
2017-03-06,4,41,13
2015-10-02,3,33,83
2014-05-12,2,30,51
2014-06-17,1,34,29
2013-11-26,6,45,54
2016-03-10,7,32,29
2014-03-14,9,34,26
2016-11-23,10,30,47
2014-11-28,7,14,43
2013-12-27,1,24,43
2015-03-08,1,30,33
2016-06-13,10,37,42
2013-07-14,9,17,54
2016-09-25,7,20,50
2015-11-04,2,4,32
