month,store_id,item_id,sale
1,1,1,296
1,1,2,438
1,1,3,300
1,1,4,150
1,1,5,215
1,1,6,888
1,1,7,616
1,1,8,944
1,1,9,402
1,1,10,667
1,1,11,1022
1,1,12,893
1,1,13,692
1,1,14,438
1,1,15,1159
1,1,16,236
1,1,17,134
1,1,18,757
1,1,19,278
1,1,20,751
1,1,21,396
1,1,22,845
1,1,23,354
1,1,24,824
1,1,25,1202
1,1,26,518
1,1,27,183
1,1,28,892
1,1,29,372
1,1,30,449
1,1,31,477
1,1,32,368
1,1,33,592
1,1,34,314
1,1,35,534
1,1,36,647
1,1,37,239
1,1,38,710
1,1,39,607
1,1,40,483
1,1,41,130
1,1,42,194
1,1,43,570
1,1,44,335
1,1,45,412
1,1,46,490
1,1,47,235
1,1,48,383
1,1,49,269
1,1,50,594
1,2,1,166
1,2,2,636
1,2,3,552
1,2,4,172
1,2,5,246
1,2,6,1063
1,2,7,524
1,2,8,757
1,2,9,848
1,2,10,540
1,2,11,262
1,2,12,1022
1,2,13,1001
1,2,14,578
1,2,15,667
1,2,16,233
1,2,17,562
1,2,18,461
1,2,19,520
1,2,20,718
1,2,21,609
1,2,22,1414
1,2,23,389
1,2,24,1175
1,2,25,925
1,2,26,953
1,2,27,331
1,2,28,1109
1,2,29,429
1,2,30,558
1,2,31,1067
1,2,32,513
1,2,33,765
1,2,34,211
1,2,35,857
1,2,36,863
1,2,37,411
1,2,38,1284
1,2,39,493
1,2,40,385
1,2,41,209
1,2,42,327
1,2,43,894
1,2,44,393
1,2,45,1519
1,2,46,664
1,2,47,234
1,2,48,879
1,2,49,206
1,2,50,1130
1,3,1,267
1,3,2,546
1,3,3,518
1,3,4,288
1,3,5,256
1,3,6,851
1,3,7,934
1,3,8,273
1,3,9,612
1,3,10,685
1,3,11,1278
1,3,12,826
1,3,13,363
1,3,14,452
1,3,15,1271
1,3,16,190
1,3,17,414
1,3,18,1063
1,3,19,417
1,3,20,501
1,3,21,361
1,3,22,505
1,3,23,344
1,3,24,838
1,3,25,773
1,3,26,558
1,3,27,337
1,3,28,682
1,3,29,732
1,3,30,655
1,3,31,1099
1,3,32,171
1,3,33,663
1,3,34,119
1,3,35,676
1,3,36,883
1,3,37,325
1,3,38,637
1,3,39,583
1,3,40,312
1,3,41,364
1,3,42,222
1,3,43,868
1,3,44,213
1,3,45,867
1,3,46,791
1,3,47,186
1,3,48,481
1,3,49,283
1,3,50,621
1,4,1,253
1,4,2,604
1,4,3,348
1,4,4,342
1,4,5,244
1,4,6,519
1,4,7,1010
1,4,8,871
1,4,9,392
1,4,10,471
1,4,11,922
1,4,12,990
1,4,13,764
1,4,14,763
1,4,15,484
1,4,16,187
1,4,17,327
1,4,18,1429
1,4,19,356
1,4,20,662
1,4,21,429
1,4,22,1207
1,4,23,495
1,4,24,593
1,4,25,947
1,4,26,331
1,4,27,273
1,4,28,664
1,4,29,720
1,4,30,386
1,4,31,607
1,4,32,445
1,4,33,675
1,4,34,247
1,4,35,453
1,4,36,793
1,4,37,121
1,4,38,743
1,4,39,310
1,4,40,355
1,4,41,199
1,4,42,388
1,4,43,540
1,4,44,239
1,4,45,508
1,4,46,547
1,4,47,172
1,4,48,587
1,4,49,320
1,4,50,832
1,5,1,341
1,5,2,171
1,5,3,310
1,5,4,191
1,5,5,196
1,5,6,434
1,5,7,541
1,5,8,323
1,5,9,340
1,5,10,411
1,5,11,529
1,5,12,550
1,5,13,728
1,5,14,245
1,5,15,660
1,5,16,186
1,5,17,398
1,5,18,907
1,5,19,240
1,5,20,294
1,5,21,297
1,5,22,583
1,5,23,203
1,5,24,273
1,5,25,917
1,5,26,345
1,5,27,138
1,5,28,800
1,5,29,607
1,5,30,408
1,5,31,466
1,5,32,308
1,5,33,556
1,5,34,190
1,5,35,686
1,5,36,749
1,5,37,235
1,5,38,342
1,5,39,359
1,5,40,109
1,5,41,177
1,5,42,313
1,5,43,525
1,5,44,206
1,5,45,472
1,5,46,638
1,5,47,195
1,5,48,232
1,5,49,150
1,5,50,571
1,6,1,233
1,6,2,282
1,6,3,224
1,6,4,129
1,6,5,120
1,6,6,499
1,6,7,705
1,6,8,633
1,6,9,520
1,6,10,1061
1,6,11,552
1,6,12,703
1,6,13,448
1,6,14,460
1,6,15,482
1,6,16,271
1,6,17,163
1,6,18,583
1,6,19,525
1,6,20,152
1,6,21,215
1,6,22,449
1,6,23,277
1,6,24,834
1,6,25,361
1,6,26,237
1,6,27,159
1,6,28,572
1,6,29,438
1,6,30,330
1,6,31,384
1,6,32,322
1,6,33,552
1,6,34,142
1,6,35,412
1,6,36,1002
1,6,37,175
1,6,38,572
1,6,39,127
1,6,40,289
1,6,41,215
1,6,42,121
1,6,43,422
1,6,44,214
1,6,45,1148
1,6,46,364
1,6,47,260
1,6,48,425
1,6,49,266
1,6,50,283
1,7,1,150
1,7,2,348
1,7,3,179
1,7,4,100
1,7,5,71
1,7,6,439
1,7,7,631
1,7,8,477
1,7,9,205
1,7,10,650
1,7,11,475
1,7,12,486
1,7,13,523
1,7,14,425
1,7,15,451
1,7,16,182
1,7,17,237
1,7,18,395
1,7,19,185
1,7,20,566
1,7,21,183
1,7,22,483
1,7,23,313
1,7,24,402
1,7,25,805
1,7,26,275
1,7,27,210
1,7,28,713
1,7,29,829
1,7,30,198
1,7,31,496
1,7,32,347
1,7,33,276
1,7,34,154
1,7,35,447
1,7,36,498
1,7,37,61
1,7,38,646
1,7,39,248
1,7,40,90
1,7,41,127
1,7,42,263
1,7,43,405
1,7,44,195
1,7,45,532
1,7,46,221
1,7,47,135
1,7,48,194
1,7,49,317
1,7,50,302
1,8,1,195
1,8,2,232
1,8,3,540
1,8,4,207
1,8,5,216
1,8,6,502
1,8,7,708
1,8,8,959
1,8,9,863
1,8,10,829
1,8,11,473
1,8,12,1222
1,8,13,1100
1,8,14,477
1,8,15,516
1,8,16,264
1,8,17,380
1,8,18,553
1,8,19,541
1,8,20,436
1,8,21,587
1,8,22,1007
1,8,23,359
1,8,24,868
1,8,25,1302
1,8,26,439
1,8,27,191
1,8,28,1056
1,8,29,945
1,8,30,545
1,8,31,844
1,8,32,445
1,8,33,1382
1,8,34,448
1,8,35,760
1,8,36,782
1,8,37,488
1,8,38,1062
1,8,39,824
1,8,40,329
1,8,41,419
1,8,42,690
1,8,43,711
1,8,44,360
1,8,45,1341
1,8,46,822
1,8,47,71
1,8,48,217
1,8,49,329
1,8,50,492
1,9,1,188
1,9,2,545
1,9,3,244
1,9,4,486
1,9,5,273
1,9,6,1068
1,9,7,720
1,9,8,850
1,9,9,820
1,9,10,391
1,9,11,686
1,9,12,560
1,9,13,831
1,9,14,728
1,9,15,911
1,9,16,405
1,9,17,281
1,9,18,882
1,9,19,179
1,9,20,562
1,9,21,591
1,9,22,840
1,9,23,233
1,9,24,429
1,9,25,446
1,9,26,306
1,9,27,200
1,9,28,1188
1,9,29,527
1,9,30,403
1,9,31,503
1,9,32,417
1,9,33,558
1,9,34,256
1,9,35,632
1,9,36,721
1,9,37,203
1,9,38,900
1,9,39,468
1,9,40,513
1,9,41,155
1,9,42,336
1,9,43,950
1,9,44,319
1,9,45,852
1,9,46,642
1,9,47,267
1,9,48,543
1,9,49,409
1,9,50,427
1,10,1,331
1,10,2,326
1,10,3,656
1,10,4,216
1,10,5,266
1,10,6,805
1,10,7,313
1,10,8,999
1,10,9,819
1,10,10,1140
1,10,11,876
1,10,12,693
1,10,13,1304
1,10,14,641
1,10,15,745
1,10,16,159
1,10,17,125
1,10,18,1057
1,10,19,430
1,10,20,712
1,10,21,800
1,10,22,755
1,10,23,281
1,10,24,315
1,10,25,878
1,10,26,705
1,10,27,237
1,10,28,1539
1,10,29,419
1,10,30,364
1,10,31,462
1,10,32,538
1,10,33,619
1,10,34,389
1,10,35,777
1,10,36,608
1,10,37,235
1,10,38,1178
1,10,39,594
1,10,40,341
1,10,41,253
1,10,42,342
1,10,43,700
1,10,44,535
1,10,45,1004
1,10,46,605
1,10,47,259
1,10,48,556
1,10,49,226
1,10,50,1183
2,1,1,296
2,1,2,438
2,1,3,300
2,1,4,150
2,1,5,215
2,1,6,888
2,1,7,616
2,1,8,944
2,1,9,402
2,1,10,667
2,1,11,1022
2,1,12,893
2,1,13,692
2,1,14,438
2,1,15,1159
2,1,16,236
2,1,17,134
2,1,18,757
2,1,19,278
2,1,20,751
2,1,21,396
2,1,22,845
2,1,23,354
2,1,24,824
2,1,25,1202
2,1,26,518
2,1,27,183
2,1,28,892
2,1,29,372
2,1,30,449
2,1,31,477
2,1,32,368
2,1,33,592
2,1,34,314
2,1,35,534
2,1,36,647
2,1,37,239
2,1,38,710
2,1,39,607
2,1,40,483
2,1,41,130
2,1,42,194
2,1,43,570
2,1,44,335
2,1,45,412
2,1,46,490
2,1,47,235
2,1,48,383
2,1,49,269
2,1,50,594
2,2,1,166
2,2,2,636
2,2,3,552
2,2,4,172
2,2,5,246
2,2,6,1063
2,2,7,524
2,2,8,757
2,2,9,848
2,2,10,540
2,2,11,262
2,2,12,1022
2,2,13,1001
2,2,14,578
2,2,15,667
2,2,16,233
2,2,17,562
2,2,18,461
2,2,19,520
2,2,20,718
2,2,21,609
2,2,22,1414
2,2,23,389
2,2,24,1175
2,2,25,925
2,2,26,953
2,2,27,331
2,2,28,1109
2,2,29,429
2,2,30,558
2,2,31,1067
2,2,32,513
2,2,33,765
2,2,34,211
2,2,35,857
2,2,36,863
2,2,37,411
2,2,38,1284
2,2,39,493
2,2,40,385
2,2,41,209
2,2,42,327
2,2,43,894
2,2,44,393
2,2,45,1519
2,2,46,664
2,2,47,234
2,2,48,879
2,2,49,206
2,2,50,1130
2,3,1,267
2,3,2,546
2,3,3,518
2,3,4,288
2,3,5,256
2,3,6,851
2,3,7,934
2,3,8,273
2,3,9,612
2,3,10,685
2,3,11,1278
2,3,12,826
2,3,13,363
2,3,14,452
2,3,15,1271
2,3,16,190
2,3,17,414
2,3,18,1063
2,3,19,417
2,3,20,501
2,3,21,361
2,3,22,505
2,3,23,344
2,3,24,838
2,3,25,773
2,3,26,558
2,3,27,337
2,3,28,682
2,3,29,732
2,3,30,655
2,3,31,1099
2,3,32,171
2,3,33,663
2,3,34,119
2,3,35,676
2,3,36,883
2,3,37,325
2,3,38,637
2,3,39,583
2,3,40,312
2,3,41,364
2,3,42,222
2,3,43,868
2,3,44,213
2,3,45,867
2,3,46,791
2,3,47,186
2,3,48,481
2,3,49,283
2,3,50,621
2,4,1,253
2,4,2,604
2,4,3,348
2,4,4,342
2,4,5,244
2,4,6,519
2,4,7,1010
2,4,8,871
2,4,9,392
2,4,10,471
2,4,11,922
2,4,12,990
2,4,13,764
2,4,14,763
2,4,15,484
2,4,16,187
2,4,17,327
2,4,18,1429
2,4,19,356
2,4,20,662
2,4,21,429
2,4,22,1207
2,4,23,495
2,4,24,593
2,4,25,947
2,4,26,331
2,4,27,273
2,4,28,664
2,4,29,720
2,4,30,386
2,4,31,607
2,4,32,445
2,4,33,675
2,4,34,247
2,4,35,453
2,4,36,793
2,4,37,121
2,4,38,743
2,4,39,310
2,4,40,355
2,4,41,199
2,4,42,388
2,4,43,540
2,4,44,239
2,4,45,508
2,4,46,547
2,4,47,172
2,4,48,587
2,4,49,320
2,4,50,832
2,5,1,341
2,5,2,171
2,5,3,310
2,5,4,191
2,5,5,196
2,5,6,434
2,5,7,541
2,5,8,323
2,5,9,340
2,5,10,411
2,5,11,529
2,5,12,550
2,5,13,728
2,5,14,245
2,5,15,660
2,5,16,186
2,5,17,398
2,5,18,907
2,5,19,240
2,5,20,294
2,5,21,297
2,5,22,583
2,5,23,203
2,5,24,273
2,5,25,917
2,5,26,345
2,5,27,138
2,5,28,800
2,5,29,607
2,5,30,408
2,5,31,466
2,5,32,308
2,5,33,556
2,5,34,190
2,5,35,686
2,5,36,749
2,5,37,235
2,5,38,342
2,5,39,359
2,5,40,109
2,5,41,177
2,5,42,313
2,5,43,525
2,5,44,206
2,5,45,472
2,5,46,638
2,5,47,195
2,5,48,232
2,5,49,150
2,5,50,571
2,6,1,233
2,6,2,282
2,6,3,224
2,6,4,129
2,6,5,120
2,6,6,499
2,6,7,705
2,6,8,633
2,6,9,520
2,6,10,1061
2,6,11,552
2,6,12,703
2,6,13,448
2,6,14,460
2,6,15,482
2,6,16,271
2,6,17,163
2,6,18,583
2,6,19,525
2,6,20,152
2,6,21,215
2,6,22,449
2,6,23,277
2,6,24,834
2,6,25,361
2,6,26,237
2,6,27,159
2,6,28,572
2,6,29,438
2,6,30,330
2,6,31,384
2,6,32,322
2,6,33,552
2,6,34,142
2,6,35,412
2,6,36,1002
2,6,37,175
2,6,38,572
2,6,39,127
2,6,40,289
2,6,41,215
2,6,42,121
2,6,43,422
2,6,44,214
2,6,45,1148
2,6,46,364
2,6,47,260
2,6,48,425
2,6,49,266
2,6,50,283
2,7,1,150
2,7,2,348
2,7,3,179
2,7,4,100
2,7,5,71
2,7,6,439
2,7,7,631
2,7,8,477
2,7,9,205
2,7,10,650
2,7,11,475
2,7,12,486
2,7,13,523
2,7,14,425
2,7,15,451
2,7,16,182
2,7,17,237
2,7,18,395
2,7,19,185
2,7,20,566
2,7,21,183
2,7,22,483
2,7,23,313
2,7,24,402
2,7,25,805
2,7,26,275
2,7,27,210
2,7,28,713
2,7,29,829
2,7,30,198
2,7,31,496
2,7,32,347
2,7,33,276
2,7,34,154
2,7,35,447
2,7,36,498
2,7,37,61
2,7,38,646
2,7,39,248
2,7,40,90
2,7,41,127
2,7,42,263
2,7,43,405
2,7,44,195
2,7,45,532
2,7,46,221
2,7,47,135
2,7,48,194
2,7,49,317
2,7,50,302
2,8,1,195
2,8,2,232
2,8,3,540
2,8,4,207
2,8,5,216
2,8,6,502
2,8,7,708
2,8,8,959
2,8,9,863
2,8,10,829
2,8,11,473
2,8,12,1222
2,8,13,1100
2,8,14,477
2,8,15,516
2,8,16,264
2,8,17,380
2,8,18,553
2,8,19,541
2,8,20,436
2,8,21,587
2,8,22,1007
2,8,23,359
2,8,24,868
2,8,25,1302
2,8,26,439
2,8,27,191
2,8,28,1056
2,8,29,945
2,8,30,545
2,8,31,844
2,8,32,445
2,8,33,1382
2,8,34,448
2,8,35,760
2,8,36,782
2,8,37,488
2,8,38,1062
2,8,39,824
2,8,40,329
2,8,41,419
2,8,42,690
2,8,43,711
2,8,44,360
2,8,45,1341
2,8,46,822
2,8,47,71
2,8,48,217
2,8,49,329
2,8,50,492
2,9,1,188
2,9,2,545
2,9,3,244
2,9,4,486
2,9,5,273
2,9,6,1068
2,9,7,720
2,9,8,850
2,9,9,820
2,9,10,391
2,9,11,686
2,9,12,560
2,9,13,831
2,9,14,728
2,9,15,911
2,9,16,405
2,9,17,281
2,9,18,882
2,9,19,179
2,9,20,562
2,9,21,591
2,9,22,840
2,9,23,233
2,9,24,429
2,9,25,446
2,9,26,306
2,9,27,200
2,9,28,1188
2,9,29,527
2,9,30,403
2,9,31,503
2,9,32,417
2,9,33,558
2,9,34,256
2,9,35,632
2,9,36,721
2,9,37,203
2,9,38,900
2,9,39,468
2,9,40,513
2,9,41,155
2,9,42,336
2,9,43,950
2,9,44,319
2,9,45,852
2,9,46,642
2,9,47,267
2,9,48,543
2,9,49,409
2,9,50,427
2,10,1,331
2,10,2,326
2,10,3,656
2,10,4,216
2,10,5,266
2,10,6,805
2,10,7,313
2,10,8,999
2,10,9,819
2,10,10,1140
2,10,11,876
2,10,12,693
2,10,13,1304
2,10,14,641
2,10,15,745
2,10,16,159
2,10,17,125
2,10,18,1057
2,10,19,430
2,10,20,712
2,10,21,800
2,10,22,755
2,10,23,281
2,10,24,315
2,10,25,878
2,10,26,705
2,10,27,237
2,10,28,1539
2,10,29,419
2,10,30,364
2,10,31,462
2,10,32,538
2,10,33,619
2,10,34,389
2,10,35,777
2,10,36,608
2,10,37,235
2,10,38,1178
2,10,39,594
2,10,40,341
2,10,41,253
2,10,42,342
2,10,43,700
2,10,44,535
2,10,45,1004
2,10,46,605
2,10,47,259
2,10,48,556
2,10,49,226
2,10,50,1183
3,1,1,296
3,1,2,438
3,1,3,300
3,1,4,150
3,1,5,215
3,1,6,888
3,1,7,616
3,1,8,944
3,1,9,402
3,1,10,667
3,1,11,1022
3,1,12,893
3,1,13,692
3,1,14,438
3,1,15,1159
3,1,16,236
3,1,17,134
3,1,18,757
3,1,19,278
3,1,20,751
3,1,21,396
3,1,22,845
3,1,23,354
3,1,24,824
3,1,25,1202
3,1,26,518
3,1,27,183
3,1,28,892
3,1,29,372
3,1,30,449
3,1,31,477
3,1,32,368
3,1,33,592
3,1,34,314
3,1,35,534
3,1,36,647
3,1,37,239
3,1,38,710
3,1,39,607
3,1,40,483
3,1,41,130
3,1,42,194
3,1,43,570
3,1,44,335
3,1,45,412
3,1,46,490
3,1,47,235
3,1,48,383
3,1,49,269
3,1,50,594
3,2,1,166
3,2,2,636
3,2,3,552
3,2,4,172
3,2,5,246
3,2,6,1063
3,2,7,524
3,2,8,757
3,2,9,848
3,2,10,540
3,2,11,262
3,2,12,1022
3,2,13,1001
3,2,14,578
3,2,15,667
3,2,16,233
3,2,17,562
3,2,18,461
3,2,19,520
3,2,20,718
3,2,21,609
3,2,22,1414
3,2,23,389
3,2,24,1175
3,2,25,925
3,2,26,953
3,2,27,331
3,2,28,1109
3,2,29,429
3,2,30,558
3,2,31,1067
3,2,32,513
3,2,33,765
3,2,34,211
3,2,35,857
3,2,36,863
3,2,37,411
3,2,38,1284
3,2,39,493
3,2,40,385
3,2,41,209
3,2,42,327
3,2,43,894
3,2,44,393
3,2,45,1519
3,2,46,664
3,2,47,234
3,2,48,879
3,2,49,206
3,2,50,1130
3,3,1,267
3,3,2,546
3,3,3,518
3,3,4,288
3,3,5,256
3,3,6,851
3,3,7,934
3,3,8,273
3,3,9,612
3,3,10,685
3,3,11,1278
3,3,12,826
3,3,13,363
3,3,14,452
3,3,15,1271
3,3,16,190
3,3,17,414
3,3,18,1063
3,3,19,417
3,3,20,501
3,3,21,361
3,3,22,505
3,3,23,344
3,3,24,838
3,3,25,773
3,3,26,558
3,3,27,337
3,3,28,682
3,3,29,732
3,3,30,655
3,3,31,1099
3,3,32,171
3,3,33,663
3,3,34,119
3,3,35,676
3,3,36,883
3,3,37,325
3,3,38,637
3,3,39,583
3,3,40,312
3,3,41,364
3,3,42,222
3,3,43,868
3,3,44,213
3,3,45,867
3,3,46,791
3,3,47,186
3,3,48,481
3,3,49,283
3,3,50,621
3,4,1,253
3,4,2,604
3,4,3,348
3,4,4,342
3,4,5,244
3,4,6,519
3,4,7,1010
3,4,8,871
3,4,9,392
3,4,10,471
3,4,11,922
3,4,12,990
3,4,13,764
3,4,14,763
3,4,15,484
3,4,16,187
3,4,17,327
3,4,18,1429
3,4,19,356
3,4,20,662
3,4,21,429
3,4,22,1207
3,4,23,495
3,4,24,593
3,4,25,947
3,4,26,331
3,4,27,273
3,4,28,664
3,4,29,720
3,4,30,386
3,4,31,607
3,4,32,445
3,4,33,675
3,4,34,247
3,4,35,453
3,4,36,793
3,4,37,121
3,4,38,743
3,4,39,310
3,4,40,355
3,4,41,199
3,4,42,388
3,4,43,540
3,4,44,239
3,4,45,508
3,4,46,547
3,4,47,172
3,4,48,587
3,4,49,320
3,4,50,832
3,5,1,341
3,5,2,171
3,5,3,310
3,5,4,191
3,5,5,196
3,5,6,434
3,5,7,541
3,5,8,323
3,5,9,340
3,5,10,411
3,5,11,529
3,5,12,550
3,5,13,728
3,5,14,245
3,5,15,660
3,5,16,186
3,5,17,398
3,5,18,907
3,5,19,240
3,5,20,294
3,5,21,297
3,5,22,583
3,5,23,203
3,5,24,273
3,5,25,917
3,5,26,345
3,5,27,138
3,5,28,800
3,5,29,607
3,5,30,408
3,5,31,466
3,5,32,308
3,5,33,556
3,5,34,190
3,5,35,686
3,5,36,749
3,5,37,235
3,5,38,342
3,5,39,359
3,5,40,109
3,5,41,177
3,5,42,313
3,5,43,525
3,5,44,206
3,5,45,472
3,5,46,638
3,5,47,195
3,5,48,232
3,5,49,150
3,5,50,571
3,6,1,233
3,6,2,282
3,6,3,224
3,6,4,129
3,6,5,120
3,6,6,499
3,6,7,705
3,6,8,633
3,6,9,520
3,6,10,1061
3,6,11,552
3,6,12,703
3,6,13,448
3,6,14,460
3,6,15,482
3,6,16,271
3,6,17,163
3,6,18,583
3,6,19,525
3,6,20,152
3,6,21,215
3,6,22,449
3,6,23,277
3,6,24,834
3,6,25,361
3,6,26,237
3,6,27,159
3,6,28,572
3,6,29,438
3,6,30,330
3,6,31,384
3,6,32,322
3,6,33,552
3,6,34,142
3,6,35,412
3,6,36,1002
3,6,37,175
3,6,38,572
3,6,39,127
3,6,40,289
3,6,41,215
3,6,42,121
3,6,43,422
3,6,44,214
3,6,45,1148
3,6,46,364
3,6,47,260
3,6,48,425
3,6,49,266
3,6,50,283
3,7,1,150
3,7,2,348
3,7,3,179
3,7,4,100
3,7,5,71
3,7,6,439
3,7,7,631
3,7,8,477
3,7,9,205
3,7,10,650
3,7,11,475
3,7,12,486
3,7,13,523
3,7,14,425
3,7,15,451
3,7,16,182
3,7,17,237
3,7,18,395
3,7,19,185
3,7,20,566
3,7,21,183
3,7,22,483
3,7,23,313
3,7,24,402
3,7,25,805
3,7,26,275
3,7,27,210
3,7,28,713
3,7,29,829
3,7,30,198
3,7,31,496
3,7,32,347
3,7,33,276
3,7,34,154
3,7,35,447
3,7,36,498
3,7,37,61
3,7,38,646
3,7,39,248
3,7,40,90
3,7,41,127
3,7,42,263
3,7,43,405
3,7,44,195
3,7,45,532
3,7,46,221
3,7,47,135
3,7,48,194
3,7,49,317
3,7,50,302
3,8,1,195
3,8,2,232
3,8,3,540
3,8,4,207
3,8,5,216
3,8,6,502
3,8,7,708
3,8,8,959
3,8,9,863
3,8,10,829
3,8,11,473
3,8,12,1222
3,8,13,1100
3,8,14,477
3,8,15,516
3,8,16,264
3,8,17,380
3,8,18,553
3,8,19,541
3,8,20,436
3,8,21,587
3,8,22,1007
3,8,23,359
3,8,24,868
3,8,25,1302
3,8,26,439
3,8,27,191
3,8,28,1056
3,8,29,945
3,8,30,545
3,8,31,844
3,8,32,445
3,8,33,1382
3,8,34,448
3,8,35,760
3,8,36,782
3,8,37,488
3,8,38,1062
3,8,39,824
3,8,40,329
3,8,41,419
3,8,42,690
3,8,43,711
3,8,44,360
3,8,45,1341
3,8,46,822
3,8,47,71
3,8,48,217
3,8,49,329
3,8,50,492
3,9,1,188
3,9,2,545
3,9,3,244
3,9,4,486
3,9,5,273
3,9,6,1068
3,9,7,720
3,9,8,850
3,9,9,820
3,9,10,391
3,9,11,686
3,9,12,560
3,9,13,831
3,9,14,728
3,9,15,911
3,9,16,405
3,9,17,281
3,9,18,882
3,9,19,179
3,9,20,562
3,9,21,591
3,9,22,840
3,9,23,233
3,9,24,429
3,9,25,446
3,9,26,306
3,9,27,200
3,9,28,1188
3,9,29,527
3,9,30,403
3,9,31,503
3,9,32,417
3,9,33,558
3,9,34,256
3,9,35,632
3,9,36,721
3,9,37,203
3,9,38,900
3,9,39,468
3,9,40,513
3,9,41,155
3,9,42,336
3,9,43,950
3,9,44,319
3,9,45,852
3,9,46,642
3,9,47,267
3,9,48,543
3,9,49,409
3,9,50,427
3,10,1,331
3,10,2,326
3,10,3,656
3,10,4,216
3,10,5,266
3,10,6,805
3,10,7,313
3,10,8,999
3,10,9,819
3,10,10,1140
3,10,11,876
3,10,12,693
3,10,13,1304
3,10,14,641
3,10,15,745
3,10,16,159
3,10,17,125
3,10,18,1057
3,10,19,430
3,10,20,712
3,10,21,800
3,10,22,755
3,10,23,281
3,10,24,315
3,10,25,878
3,10,26,705
3,10,27,237
3,10,28,1539
3,10,29,419
3,10,30,364
3,10,31,462
3,10,32,538
3,10,33,619
3,10,34,389
3,10,35,777
3,10,36,608
3,10,37,235
3,10,38,1178
3,10,39,594
3,10,40,341
3,10,41,253
3,10,42,342
3,10,43,700
3,10,44,535
3,10,45,1004
3,10,46,605
3,10,47,259
3,10,48,556
3,10,49,226
3,10,50,1183
4,1,1,296
4,1,2,438
4,1,3,300
4,1,4,150
4,1,5,215
4,1,6,888
4,1,7,616
4,1,8,944
4,1,9,402
4,1,10,667
4,1,11,1022
4,1,12,893
4,1,13,692
4,1,14,438
4,1,15,1159
4,1,16,236
4,1,17,134
4,1,18,757
4,1,19,278
4,1,20,751
4,1,21,396
4,1,22,845
4,1,23,354
4,1,24,824
4,1,25,1202
4,1,26,518
4,1,27,183
4,1,28,892
4,1,29,372
4,1,30,449
4,1,31,477
4,1,32,368
4,1,33,592
4,1,34,314
4,1,35,534
4,1,36,647
4,1,37,239
4,1,38,710
4,1,39,607
4,1,40,483
4,1,41,130
4,1,42,194
4,1,43,570
4,1,44,335
4,1,45,412
4,1,46,490
4,1,47,235
4,1,48,383
4,1,49,269
4,1,50,594
4,2,1,166
4,2,2,636
4,2,3,552
4,2,4,172
4,2,5,246
4,2,6,1063
4,2,7,524
4,2,8,757
4,2,9,848
4,2,10,540
4,2,11,262
4,2,12,1022
4,2,13,1001
4,2,14,578
4,2,15,667
4,2,16,233
4,2,17,562
4,2,18,461
4,2,19,520
4,2,20,718
4,2,21,609
4,2,22,1414
4,2,23,389
4,2,24,1175
4,2,25,925
4,2,26,953
4,2,27,331
4,2,28,1109
4,2,29,429
4,2,30,558
4,2,31,1067
4,2,32,513
4,2,33,765
4,2,34,211
4,2,35,857
4,2,36,863
4,2,37,411
4,2,38,1284
4,2,39,493
4,2,40,385
4,2,41,209
4,2,42,327
4,2,43,894
4,2,44,393
4,2,45,1519
4,2,46,664
4,2,47,234
4,2,48,879
4,2,49,206
4,2,50,1130
4,3,1,267
4,3,2,546
4,3,3,518
4,3,4,288
4,3,5,256
4,3,6,851
4,3,7,934
4,3,8,273
4,3,9,612
4,3,10,685
4,3,11,1278
4,3,12,826
4,3,13,363
4,3,14,452
4,3,15,1271
4,3,16,190
4,3,17,414
4,3,18,1063
4,3,19,417
4,3,20,501
4,3,21,361
4,3,22,505
4,3,23,344
4,3,24,838
4,3,25,773
4,3,26,558
4,3,27,337
4,3,28,682
4,3,29,732
4,3,30,655
4,3,31,1099
4,3,32,171
4,3,33,663
4,3,34,119
4,3,35,676
4,3,36,883
4,3,37,325
4,3,38,637
4,3,39,583
4,3,40,312
4,3,41,364
4,3,42,222
4,3,43,868
4,3,44,213
4,3,45,867
4,3,46,791
4,3,47,186
4,3,48,481
4,3,49,283
4,3,50,621
4,4,1,253
4,4,2,604
4,4,3,348
4,4,4,342
4,4,5,244
4,4,6,519
4,4,7,1010
4,4,8,871
4,4,9,392
4,4,10,471
4,4,11,922
4,4,12,990
4,4,13,764
4,4,14,763
4,4,15,484
4,4,16,187
4,4,17,327
4,4,18,1429
4,4,19,356
4,4,20,662
4,4,21,429
4,4,22,1207
4,4,23,495
4,4,24,593
4,4,25,947
4,4,26,331
4,4,27,273
4,4,28,664
4,4,29,720
4,4,30,386
4,4,31,607
4,4,32,445
4,4,33,675
4,4,34,247
4,4,35,453
4,4,36,793
4,4,37,121
4,4,38,743
4,4,39,310
4,4,40,355
4,4,41,199
4,4,42,388
4,4,43,540
4,4,44,239
4,4,45,508
4,4,46,547
4,4,47,172
4,4,48,587
4,4,49,320
4,4,50,832
4,5,1,341
4,5,2,171
4,5,3,310
4,5,4,191
4,5,5,196
4,5,6,434
4,5,7,541
4,5,8,323
4,5,9,340
4,5,10,411
4,5,11,529
4,5,12,550
4,5,13,728
4,5,14,245
4,5,15,660
4,5,16,186
4,5,17,398
4,5,18,907
4,5,19,240
4,5,20,294
4,5,21,297
4,5,22,583
4,5,23,203
4,5,24,273
4,5,25,917
4,5,26,345
4,5,27,138
4,5,28,800
4,5,29,607
4,5,30,408
4,5,31,466
4,5,32,308
4,5,33,556
4,5,34,190
4,5,35,686
4,5,36,749
4,5,37,235
4,5,38,342
4,5,39,359
4,5,40,109
4,5,41,177
4,5,42,313
4,5,43,525
4,5,44,206
4,5,45,472
4,5,46,638
4,5,47,195
4,5,48,232
4,5,49,150
4,5,50,571
4,6,1,233
4,6,2,282
4,6,3,224
4,6,4,129
4,6,5,120
4,6,6,499
4,6,7,705
4,6,8,633
4,6,9,520
4,6,10,1061
4,6,11,552
4,6,12,703
4,6,13,448
4,6,14,460
4,6,15,482
4,6,16,271
4,6,17,163
4,6,18,583
4,6,19,525
4,6,20,152
4,6,21,215
4,6,22,449
4,6,23,277
4,6,24,834
4,6,25,361
4,6,26,237
4,6,27,159
4,6,28,572
4,6,29,438
4,6,30,330
4,6,31,384
4,6,32,322
4,6,33,552
4,6,34,142
4,6,35,412
4,6,36,1002
4,6,37,175
4,6,38,572
4,6,39,127
4,6,40,289
4,6,41,215
4,6,42,121
4,6,43,422
4,6,44,214
4,6,45,1148
4,6,46,364
4,6,47,260
4,6,48,425
4,6,49,266
4,6,50,283
4,7,1,150
4,7,2,348
4,7,3,179
4,7,4,100
4,7,5,71
4,7,6,439
4,7,7,631
4,7,8,477
4,7,9,205
4,7,10,650
4,7,11,475
4,7,12,486
4,7,13,523
4,7,14,425
4,7,15,451
4,7,16,182
4,7,17,237
4,7,18,395
4,7,19,185
4,7,20,566
4,7,21,183
4,7,22,483
4,7,23,313
4,7,24,402
4,7,25,805
4,7,26,275
4,7,27,210
4,7,28,713
4,7,29,829
4,7,30,198
4,7,31,496
4,7,32,347
4,7,33,276
4,7,34,154
4,7,35,447
4,7,36,498
4,7,37,61
4,7,38,646
4,7,39,248
4,7,40,90
4,7,41,127
4,7,42,263
4,7,43,405
4,7,44,195
4,7,45,532
4,7,46,221
4,7,47,135
4,7,48,194
4,7,49,317
4,7,50,302
4,8,1,195
4,8,2,232
4,8,3,540
4,8,4,207
4,8,5,216
4,8,6,502
4,8,7,708
4,8,8,959
4,8,9,863
4,8,10,829
4,8,11,473
4,8,12,1222
4,8,13,1100
4,8,14,477
4,8,15,516
4,8,16,264
4,8,17,380
4,8,18,553
4,8,19,541
4,8,20,436
4,8,21,587
4,8,22,1007
4,8,23,359
4,8,24,868
4,8,25,1302
4,8,26,439
4,8,27,191
4,8,28,1056
4,8,29,945
4,8,30,545
4,8,31,844
4,8,32,445
4,8,33,1382
4,8,34,448
4,8,35,760
4,8,36,782
4,8,37,488
4,8,38,1062
4,8,39,824
4,8,40,329
4,8,41,419
4,8,42,690
4,8,43,711
4,8,44,360
4,8,45,1341
4,8,46,822
4,8,47,71
4,8,48,217
4,8,49,329
4,8,50,492
4,9,1,188
4,9,2,545
4,9,3,244
4,9,4,486
4,9,5,273
4,9,6,1068
4,9,7,720
4,9,8,850
4,9,9,820
4,9,10,391
4,9,11,686
4,9,12,560
4,9,13,831
4,9,14,728
4,9,15,911
4,9,16,405
4,9,17,281
4,9,18,882
4,9,19,179
4,9,20,562
4,9,21,591
4,9,22,840
4,9,23,233
4,9,24,429
4,9,25,446
4,9,26,306
4,9,27,200
4,9,28,1188
4,9,29,527
4,9,30,403
4,9,31,503
4,9,32,417
4,9,33,558
4,9,34,256
4,9,35,632
4,9,36,721
4,9,37,203
4,9,38,900
4,9,39,468
4,9,40,513
4,9,41,155
4,9,42,336
4,9,43,950
4,9,44,319
4,9,45,852
4,9,46,642
4,9,47,267
4,9,48,543
4,9,49,409
4,9,50,427
4,10,1,331
4,10,2,326
4,10,3,656
4,10,4,216
4,10,5,266
4,10,6,805
4,10,7,313
4,10,8,999
4,10,9,819
4,10,10,1140
4,10,11,876
4,10,12,693
4,10,13,1304
4,10,14,641
4,10,15,745
4,10,16,159
4,10,17,125
4,10,18,1057
4,10,19,430
4,10,20,712
4,10,21,800
4,10,22,755
4,10,23,281
4,10,24,315
4,10,25,878
4,10,26,705
4,10,27,237
4,10,28,1539
4,10,29,419
4,10,30,364
4,10,31,462
4,10,32,538
4,10,33,619
4,10,34,389
4,10,35,777
4,10,36,608
4,10,37,235
4,10,38,1178
4,10,39,594
4,10,40,341
4,10,41,253
4,10,42,342
4,10,43,700
4,10,44,535
4,10,45,1004
4,10,46,605
4,10,47,259
4,10,48,556
4,10,49,226
4,10,50,1183
5,1,1,296
5,1,2,438
5,1,3,300
5,1,4,150
5,1,5,215
5,1,6,888
5,1,7,616
5,1,8,944
5,1,9,402
5,1,10,667
5,1,11,1022
5,1,12,893
5,1,13,692
5,1,14,438
5,1,15,1159
5,1,16,236
5,1,17,134
5,1,18,757
5,1,19,278
5,1,20,751
5,1,21,396
5,1,22,845
5,1,23,354
5,1,24,824
5,1,25,1202
5,1,26,518
5,1,27,183
5,1,28,892
5,1,29,372
5,1,30,449
5,1,31,477
5,1,32,368
5,1,33,592
5,1,34,314
5,1,35,534
5,1,36,647
5,1,37,239
5,1,38,710
5,1,39,607
5,1,40,483
5,1,41,130
5,1,42,194
5,1,43,570
5,1,44,335
5,1,45,412
5,1,46,490
5,1,47,235
5,1,48,383
5,1,49,269
5,1,50,594
5,2,1,166
5,2,2,636
5,2,3,552
5,2,4,172
5,2,5,246
5,2,6,1063
5,2,7,524
5,2,8,757
5,2,9,848
5,2,10,540
5,2,11,262
5,2,12,1022
5,2,13,1001
5,2,14,578
5,2,15,667
5,2,16,233
5,2,17,562
5,2,18,461
5,2,19,520
5,2,20,718
5,2,21,609
5,2,22,1414
5,2,23,389
5,2,24,1175
5,2,25,925
5,2,26,953
5,2,27,331
5,2,28,1109
5,2,29,429
5,2,30,558
5,2,31,1067
5,2,32,513
5,2,33,765
5,2,34,211
5,2,35,857
5,2,36,863
5,2,37,411
5,2,38,1284
5,2,39,493
5,2,40,385
5,2,41,209
5,2,42,327
5,2,43,894
5,2,44,393
5,2,45,1519
5,2,46,664
5,2,47,234
5,2,48,879
5,2,49,206
5,2,50,1130
5,3,1,267
5,3,2,546
5,3,3,518
5,3,4,288
5,3,5,256
5,3,6,851
5,3,7,934
5,3,8,273
5,3,9,612
5,3,10,685
5,3,11,1278
5,3,12,826
5,3,13,363
5,3,14,452
5,3,15,1271
5,3,16,190
5,3,17,414
5,3,18,1063
5,3,19,417
5,3,20,501
5,3,21,361
5,3,22,505
5,3,23,344
5,3,24,838
5,3,25,773
5,3,26,558
5,3,27,337
5,3,28,682
5,3,29,732
5,3,30,655
5,3,31,1099
5,3,32,171
5,3,33,663
5,3,34,119
5,3,35,676
5,3,36,883
5,3,37,325
5,3,38,637
5,3,39,583
5,3,40,312
5,3,41,364
5,3,42,222
5,3,43,868
5,3,44,213
5,3,45,867
5,3,46,791
5,3,47,186
5,3,48,481
5,3,49,283
5,3,50,621
5,4,1,253
5,4,2,604
5,4,3,348
5,4,4,342
5,4,5,244
5,4,6,519
5,4,7,1010
5,4,8,871
5,4,9,392
5,4,10,471
5,4,11,922
5,4,12,990
5,4,13,764
5,4,14,763
5,4,15,484
5,4,16,187
5,4,17,327
5,4,18,1429
5,4,19,356
5,4,20,662
5,4,21,429
5,4,22,1207
5,4,23,495
5,4,24,593
5,4,25,947
5,4,26,331
5,4,27,273
5,4,28,664
5,4,29,720
5,4,30,386
5,4,31,607
5,4,32,445
5,4,33,675
5,4,34,247
5,4,35,453
5,4,36,793
5,4,37,121
5,4,38,743
5,4,39,310
5,4,40,355
5,4,41,199
5,4,42,388
5,4,43,540
5,4,44,239
5,4,45,508
5,4,46,547
5,4,47,172
5,4,48,587
5,4,49,320
5,4,50,832
5,5,1,341
5,5,2,171
5,5,3,310
5,5,4,191
5,5,5,196
5,5,6,434
5,5,7,541
5,5,8,323
5,5,9,340
5,5,10,411
5,5,11,529
5,5,12,550
5,5,13,728
5,5,14,245
5,5,15,660
5,5,16,186
5,5,17,398
5,5,18,907
5,5,19,240
5,5,20,294
5,5,21,297
5,5,22,583
5,5,23,203
5,5,24,273
5,5,25,917
5,5,26,345
5,5,27,138
5,5,28,800
5,5,29,607
5,5,30,408
5,5,31,466
5,5,32,308
5,5,33,556
5,5,34,190
5,5,35,686
5,5,36,749
5,5,37,235
5,5,38,342
5,5,39,359
5,5,40,109
5,5,41,177
5,5,42,313
5,5,43,525
5,5,44,206
5,5,45,472
5,5,46,638
5,5,47,195
5,5,48,232
5,5,49,150
5,5,50,571
5,6,1,233
5,6,2,282
5,6,3,224
5,6,4,129
5,6,5,120
5,6,6,499
5,6,7,705
5,6,8,633
5,6,9,520
5,6,10,1061
5,6,11,552
5,6,12,703
5,6,13,448
5,6,14,460
5,6,15,482
5,6,16,271
5,6,17,163
5,6,18,583
5,6,19,525
5,6,20,152
5,6,21,215
5,6,22,449
5,6,23,277
5,6,24,834
5,6,25,361
5,6,26,237
5,6,27,159
5,6,28,572
5,6,29,438
5,6,30,330
5,6,31,384
5,6,32,322
5,6,33,552
5,6,34,142
5,6,35,412
5,6,36,1002
5,6,37,175
5,6,38,572
5,6,39,127
5,6,40,289
5,6,41,215
5,6,42,121
5,6,43,422
5,6,44,214
5,6,45,1148
5,6,46,364
5,6,47,260
5,6,48,425
5,6,49,266
5,6,50,283
5,7,1,150
5,7,2,348
5,7,3,179
5,7,4,100
5,7,5,71
5,7,6,439
5,7,7,631
5,7,8,477
5,7,9,205
5,7,10,650
5,7,11,475
5,7,12,486
5,7,13,523
5,7,14,425
5,7,15,451
5,7,16,182
5,7,17,237
5,7,18,395
5,7,19,185
5,7,20,566
5,7,21,183
5,7,22,483
5,7,23,313
5,7,24,402
5,7,25,805
5,7,26,275
5,7,27,210
5,7,28,713
5,7,29,829
5,7,30,198
5,7,31,496
5,7,32,347
5,7,33,276
5,7,34,154
5,7,35,447
5,7,36,498
5,7,37,61
5,7,38,646
5,7,39,248
5,7,40,90
5,7,41,127
5,7,42,263
5,7,43,405
5,7,44,195
5,7,45,532
5,7,46,221
5,7,47,135
5,7,48,194
5,7,49,317
5,7,50,302
5,8,1,195
5,8,2,232
5,8,3,540
5,8,4,207
5,8,5,216
5,8,6,502
5,8,7,708
5,8,8,959
5,8,9,863
5,8,10,829
5,8,11,473
5,8,12,1222
5,8,13,1100
5,8,14,477
5,8,15,516
5,8,16,264
5,8,17,380
5,8,18,553
5,8,19,541
5,8,20,436
5,8,21,587
5,8,22,1007
5,8,23,359
5,8,24,868
5,8,25,1302
5,8,26,439
5,8,27,191
5,8,28,1056
5,8,29,945
5,8,30,545
5,8,31,844
5,8,32,445
5,8,33,1382
5,8,34,448
5,8,35,760
5,8,36,782
5,8,37,488
5,8,38,1062
5,8,39,824
5,8,40,329
5,8,41,419
5,8,42,690
5,8,43,711
5,8,44,360
5,8,45,1341
5,8,46,822
5,8,47,71
5,8,48,217
5,8,49,329
5,8,50,492
5,9,1,188
5,9,2,545
5,9,3,244
5,9,4,486
5,9,5,273
5,9,6,1068
5,9,7,720
5,9,8,850
5,9,9,820
5,9,10,391
5,9,11,686
5,9,12,560
5,9,13,831
5,9,14,728
5,9,15,911
5,9,16,405
5,9,17,281
5,9,18,882
5,9,19,179
5,9,20,562
5,9,21,591
5,9,22,840
5,9,23,233
5,9,24,429
5,9,25,446
5,9,26,306
5,9,27,200
5,9,28,1188
5,9,29,527
5,9,30,403
5,9,31,503
5,9,32,417
5,9,33,558
5,9,34,256
5,9,35,632
5,9,36,721
5,9,37,203
5,9,38,900
5,9,39,468
5,9,40,513
5,9,41,155
5,9,42,336
5,9,43,950
5,9,44,319
5,9,45,852
5,9,46,642
5,9,47,267
5,9,48,543
5,9,49,409
5,9,50,427
5,10,1,331
5,10,2,326
5,10,3,656
5,10,4,216
5,10,5,266
5,10,6,805
5,10,7,313
5,10,8,999
5,10,9,819
5,10,10,1140
5,10,11,876
5,10,12,693
5,10,13,1304
5,10,14,641
5,10,15,745
5,10,16,159
5,10,17,125
5,10,18,1057
5,10,19,430
5,10,20,712
5,10,21,800
5,10,22,755
5,10,23,281
5,10,24,315
5,10,25,878
5,10,26,705
5,10,27,237
5,10,28,1539
5,10,29,419
5,10,30,364
5,10,31,462
5,10,32,538
5,10,33,619
5,10,34,389
5,10,35,777
5,10,36,608
5,10,37,235
5,10,38,1178
5,10,39,594
5,10,40,341
5,10,41,253
5,10,42,342
5,10,43,700
5,10,44,535
5,10,45,1004
5,10,46,605
5,10,47,259
5,10,48,556
5,10,49,226
5,10,50,1183
6,1,1,296
6,1,2,438
6,1,3,300
6,1,4,150
6,1,5,215
6,1,6,888
6,1,7,616
6,1,8,944
6,1,9,402
6,1,10,667
6,1,11,1022
6,1,12,893
6,1,13,692
6,1,14,438
6,1,15,1159
6,1,16,236
6,1,17,134
6,1,18,757
6,1,19,278
6,1,20,751
6,1,21,396
6,1,22,845
6,1,23,354
6,1,24,824
6,1,25,1202
6,1,26,518
6,1,27,183
6,1,28,892
6,1,29,372
6,1,30,449
6,1,31,477
6,1,32,368
6,1,33,592
6,1,34,314
6,1,35,534
6,1,36,647
6,1,37,239
6,1,38,710
6,1,39,607
6,1,40,483
6,1,41,130
6,1,42,194
6,1,43,570
6,1,44,335
6,1,45,412
6,1,46,490
6,1,47,235
6,1,48,383
6,1,49,269
6,1,50,594
6,2,1,166
6,2,2,636
6,2,3,552
6,2,4,172
6,2,5,246
6,2,6,1063
6,2,7,524
6,2,8,757
6,2,9,848
6,2,10,540
6,2,11,262
6,2,12,1022
6,2,13,1001
6,2,14,578
6,2,15,667
6,2,16,233
6,2,17,562
6,2,18,461
6,2,19,520
6,2,20,718
6,2,21,609
6,2,22,1414
6,2,23,389
6,2,24,1175
6,2,25,925
6,2,26,953
6,2,27,331
6,2,28,1109
6,2,29,429
6,2,30,558
6,2,31,1067
6,2,32,513
6,2,33,765
6,2,34,211
6,2,35,857
6,2,36,863
6,2,37,411
6,2,38,1284
6,2,39,493
6,2,40,385
6,2,41,209
6,2,42,327
6,2,43,894
6,2,44,393
6,2,45,1519
6,2,46,664
6,2,47,234
6,2,48,879
6,2,49,206
6,2,50,1130
6,3,1,267
6,3,2,546
6,3,3,518
6,3,4,288
6,3,5,256
6,3,6,851
6,3,7,934
6,3,8,273
6,3,9,612
6,3,10,685
6,3,11,1278
6,3,12,826
6,3,13,363
6,3,14,452
6,3,15,1271
6,3,16,190
6,3,17,414
6,3,18,1063
6,3,19,417
6,3,20,501
6,3,21,361
6,3,22,505
6,3,23,344
6,3,24,838
6,3,25,773
6,3,26,558
6,3,27,337
6,3,28,682
6,3,29,732
6,3,30,655
6,3,31,1099
6,3,32,171
6,3,33,663
6,3,34,119
6,3,35,676
6,3,36,883
6,3,37,325
6,3,38,637
6,3,39,583
6,3,40,312
6,3,41,364
6,3,42,222
6,3,43,868
6,3,44,213
6,3,45,867
6,3,46,791
6,3,47,186
6,3,48,481
6,3,49,283
6,3,50,621
6,4,1,253
6,4,2,604
6,4,3,348
6,4,4,342
6,4,5,244
6,4,6,519
6,4,7,1010
6,4,8,871
6,4,9,392
6,4,10,471
6,4,11,922
6,4,12,990
6,4,13,764
6,4,14,763
6,4,15,484
6,4,16,187
6,4,17,327
6,4,18,1429
6,4,19,356
6,4,20,662
6,4,21,429
6,4,22,1207
6,4,23,495
6,4,24,593
6,4,25,947
6,4,26,331
6,4,27,273
6,4,28,664
6,4,29,720
6,4,30,386
6,4,31,607
6,4,32,445
6,4,33,675
6,4,34,247
6,4,35,453
6,4,36,793
6,4,37,121
6,4,38,743
6,4,39,310
6,4,40,355
6,4,41,199
6,4,42,388
6,4,43,540
6,4,44,239
6,4,45,508
6,4,46,547
6,4,47,172
6,4,48,587
6,4,49,320
6,4,50,832
6,5,1,341
6,5,2,171
6,5,3,310
6,5,4,191
6,5,5,196
6,5,6,434
6,5,7,541
6,5,8,323
6,5,9,340
6,5,10,411
6,5,11,529
6,5,12,550
6,5,13,728
6,5,14,245
6,5,15,660
6,5,16,186
6,5,17,398
6,5,18,907
6,5,19,240
6,5,20,294
6,5,21,297
6,5,22,583
6,5,23,203
6,5,24,273
6,5,25,917
6,5,26,345
6,5,27,138
6,5,28,800
6,5,29,607
6,5,30,408
6,5,31,466
6,5,32,308
6,5,33,556
6,5,34,190
6,5,35,686
6,5,36,749
6,5,37,235
6,5,38,342
6,5,39,359
6,5,40,109
6,5,41,177
6,5,42,313
6,5,43,525
6,5,44,206
6,5,45,472
6,5,46,638
6,5,47,195
6,5,48,232
6,5,49,150
6,5,50,571
6,6,1,233
6,6,2,282
6,6,3,224
6,6,4,129
6,6,5,120
6,6,6,499
6,6,7,705
6,6,8,633
6,6,9,520
6,6,10,1061
6,6,11,552
6,6,12,703
6,6,13,448
6,6,14,460
6,6,15,482
6,6,16,271
6,6,17,163
6,6,18,583
6,6,19,525
6,6,20,152
6,6,21,215
6,6,22,449
6,6,23,277
6,6,24,834
6,6,25,361
6,6,26,237
6,6,27,159
6,6,28,572
6,6,29,438
6,6,30,330
6,6,31,384
6,6,32,322
6,6,33,552
6,6,34,142
6,6,35,412
6,6,36,1002
6,6,37,175
6,6,38,572
6,6,39,127
6,6,40,289
6,6,41,215
6,6,42,121
6,6,43,422
6,6,44,214
6,6,45,1148
6,6,46,364
6,6,47,260
6,6,48,425
6,6,49,266
6,6,50,283
6,7,1,150
6,7,2,348
6,7,3,179
6,7,4,100
6,7,5,71
6,7,6,439
6,7,7,631
6,7,8,477
6,7,9,205
6,7,10,650
6,7,11,475
6,7,12,486
6,7,13,523
6,7,14,425
6,7,15,451
6,7,16,182
6,7,17,237
6,7,18,395
6,7,19,185
6,7,20,566
6,7,21,183
6,7,22,483
6,7,23,313
6,7,24,402
6,7,25,805
6,7,26,275
6,7,27,210
6,7,28,713
6,7,29,829
6,7,30,198
6,7,31,496
6,7,32,347
6,7,33,276
6,7,34,154
6,7,35,447
6,7,36,498
6,7,37,61
6,7,38,646
6,7,39,248
6,7,40,90
6,7,41,127
6,7,42,263
6,7,43,405
6,7,44,195
6,7,45,532
6,7,46,221
6,7,47,135
6,7,48,194
6,7,49,317
6,7,50,302
6,8,1,195
6,8,2,232
6,8,3,540
6,8,4,207
6,8,5,216
6,8,6,502
6,8,7,708
6,8,8,959
6,8,9,863
6,8,10,829
6,8,11,473
6,8,12,1222
6,8,13,1100
6,8,14,477
6,8,15,516
6,8,16,264
6,8,17,380
6,8,18,553
6,8,19,541
6,8,20,436
6,8,21,587
6,8,22,1007
6,8,23,359
6,8,24,868
6,8,25,1302
6,8,26,439
6,8,27,191
6,8,28,1056
6,8,29,945
6,8,30,545
6,8,31,844
6,8,32,445
6,8,33,1382
6,8,34,448
6,8,35,760
6,8,36,782
6,8,37,488
6,8,38,1062
6,8,39,824
6,8,40,329
6,8,41,419
6,8,42,690
6,8,43,711
6,8,44,360
6,8,45,1341
6,8,46,822
6,8,47,71
6,8,48,217
6,8,49,329
6,8,50,492
6,9,1,188
6,9,2,545
6,9,3,244
6,9,4,486
6,9,5,273
6,9,6,1068
6,9,7,720
6,9,8,850
6,9,9,820
6,9,10,391
6,9,11,686
6,9,12,560
6,9,13,831
6,9,14,728
6,9,15,911
6,9,16,405
6,9,17,281
6,9,18,882
6,9,19,179
6,9,20,562
6,9,21,591
6,9,22,840
6,9,23,233
6,9,24,429
6,9,25,446
6,9,26,306
6,9,27,200
6,9,28,1188
6,9,29,527
6,9,30,403
6,9,31,503
6,9,32,417
6,9,33,558
6,9,34,256
6,9,35,632
6,9,36,721
6,9,37,203
6,9,38,900
6,9,39,468
6,9,40,513
6,9,41,155
6,9,42,336
6,9,43,950
6,9,44,319
6,9,45,852
6,9,46,642
6,9,47,267
6,9,48,543
6,9,49,409
6,9,50,427
6,10,1,331
6,10,2,326
6,10,3,656
6,10,4,216
6,10,5,266
6,10,6,805
6,10,7,313
6,10,8,999
6,10,9,819
6,10,10,1140
6,10,11,876
6,10,12,693
6,10,13,1304
6,10,14,641
6,10,15,745
6,10,16,159
6,10,17,125
6,10,18,1057
6,10,19,430
6,10,20,712
6,10,21,800
6,10,22,755
6,10,23,281
6,10,24,315
6,10,25,878
6,10,26,705
6,10,27,237
6,10,28,1539
6,10,29,419
6,10,30,364
6,10,31,462
6,10,32,538
6,10,33,619
6,10,34,389
6,10,35,777
6,10,36,608
6,10,37,235
6,10,38,1178
6,10,39,594
6,10,40,341
6,10,41,253
6,10,42,342
6,10,43,700
6,10,44,535
6,10,45,1004
6,10,46,605
6,10,47,259
6,10,48,556
6,10,49,226
6,10,50,1183
7,1,1,296
7,1,2,438
7,1,3,300
7,1,4,150
7,1,5,215
7,1,6,888
7,1,7,616
7,1,8,944
7,1,9,402
7,1,10,667
7,1,11,1022
7,1,12,893
7,1,13,692
7,1,14,438
7,1,15,1159
7,1,16,236
7,1,17,134
7,1,18,757
7,1,19,278
7,1,20,751
7,1,21,396
7,1,22,845
7,1,23,354
7,1,24,824
7,1,25,1202
7,1,26,518
7,1,27,183
7,1,28,892
7,1,29,372
7,1,30,449
7,1,31,477
7,1,32,368
7,1,33,592
7,1,34,314
7,1,35,534
7,1,36,647
7,1,37,239
7,1,38,710
7,1,39,607
7,1,40,483
7,1,41,130
7,1,42,194
7,1,43,570
7,1,44,335
7,1,45,412
7,1,46,490
7,1,47,235
7,1,48,383
7,1,49,269
7,1,50,594
7,2,1,166
7,2,2,636
7,2,3,552
7,2,4,172
7,2,5,246
7,2,6,1063
7,2,7,524
7,2,8,757
7,2,9,848
7,2,10,540
7,2,11,262
7,2,12,1022
7,2,13,1001
7,2,14,578
7,2,15,667
7,2,16,233
7,2,17,562
7,2,18,461
7,2,19,520
7,2,20,718
7,2,21,609
7,2,22,1414
7,2,23,389
7,2,24,1175
7,2,25,925
7,2,26,953
7,2,27,331
7,2,28,1109
7,2,29,429
7,2,30,558
7,2,31,1067
7,2,32,513
7,2,33,765
7,2,34,211
7,2,35,857
7,2,36,863
7,2,37,411
7,2,38,1284
7,2,39,493
7,2,40,385
7,2,41,209
7,2,42,327
7,2,43,894
7,2,44,393
7,2,45,1519
7,2,46,664
7,2,47,234
7,2,48,879
7,2,49,206
7,2,50,1130
7,3,1,267
7,3,2,546
7,3,3,518
7,3,4,288
7,3,5,256
7,3,6,851
7,3,7,934
7,3,8,273
7,3,9,612
7,3,10,685
7,3,11,1278
7,3,12,826
7,3,13,363
7,3,14,452
7,3,15,1271
7,3,16,190
7,3,17,414
7,3,18,1063
7,3,19,417
7,3,20,501
7,3,21,361
7,3,22,505
7,3,23,344
7,3,24,838
7,3,25,773
7,3,26,558
7,3,27,337
7,3,28,682
7,3,29,732
7,3,30,655
7,3,31,1099
7,3,32,171
7,3,33,663
7,3,34,119
7,3,35,676
7,3,36,883
7,3,37,325
7,3,38,637
7,3,39,583
7,3,40,312
7,3,41,364
7,3,42,222
7,3,43,868
7,3,44,213
7,3,45,867
7,3,46,791
7,3,47,186
7,3,48,481
7,3,49,283
7,3,50,621
7,4,1,253
7,4,2,604
7,4,3,348
7,4,4,342
7,4,5,244
7,4,6,519
7,4,7,1010
7,4,8,871
7,4,9,392
7,4,10,471
7,4,11,922
7,4,12,990
7,4,13,764
7,4,14,763
7,4,15,484
7,4,16,187
7,4,17,327
7,4,18,1429
7,4,19,356
7,4,20,662
7,4,21,429
7,4,22,1207
7,4,23,495
7,4,24,593
7,4,25,947
7,4,26,331
7,4,27,273
7,4,28,664
7,4,29,720
7,4,30,386
7,4,31,607
7,4,32,445
7,4,33,675
7,4,34,247
7,4,35,453
7,4,36,793
7,4,37,121
7,4,38,743
7,4,39,310
7,4,40,355
7,4,41,199
7,4,42,388
7,4,43,540
7,4,44,239
7,4,45,508
7,4,46,547
7,4,47,172
7,4,48,587
7,4,49,320
7,4,50,832
7,5,1,341
7,5,2,171
7,5,3,310
7,5,4,191
7,5,5,196
7,5,6,434
7,5,7,541
7,5,8,323
7,5,9,340
7,5,10,411
7,5,11,529
7,5,12,550
7,5,13,728
7,5,14,245
7,5,15,660
7,5,16,186
7,5,17,398
7,5,18,907
7,5,19,240
7,5,20,294
7,5,21,297
7,5,22,583
7,5,23,203
7,5,24,273
7,5,25,917
7,5,26,345
7,5,27,138
7,5,28,800
7,5,29,607
7,5,30,408
7,5,31,466
7,5,32,308
7,5,33,556
7,5,34,190
7,5,35,686
7,5,36,749
7,5,37,235
7,5,38,342
7,5,39,359
7,5,40,109
7,5,41,177
7,5,42,313
7,5,43,525
7,5,44,206
7,5,45,472
7,5,46,638
7,5,47,195
7,5,48,232
7,5,49,150
7,5,50,571
7,6,1,233
7,6,2,282
7,6,3,224
7,6,4,129
7,6,5,120
7,6,6,499
7,6,7,705
7,6,8,633
7,6,9,520
7,6,10,1061
7,6,11,552
7,6,12,703
7,6,13,448
7,6,14,460
7,6,15,482
7,6,16,271
7,6,17,163
7,6,18,583
7,6,19,525
7,6,20,152
7,6,21,215
7,6,22,449
7,6,23,277
7,6,24,834
7,6,25,361
7,6,26,237
7,6,27,159
7,6,28,572
7,6,29,438
7,6,30,330
7,6,31,384
7,6,32,322
7,6,33,552
7,6,34,142
7,6,35,412
7,6,36,1002
7,6,37,175
7,6,38,572
7,6,39,127
7,6,40,289
7,6,41,215
7,6,42,121
7,6,43,422
7,6,44,214
7,6,45,1148
7,6,46,364
7,6,47,260
7,6,48,425
7,6,49,266
7,6,50,283
7,7,1,150
7,7,2,348
7,7,3,179
7,7,4,100
7,7,5,71
7,7,6,439
7,7,7,631
7,7,8,477
7,7,9,205
7,7,10,650
7,7,11,475
7,7,12,486
7,7,13,523
7,7,14,425
7,7,15,451
7,7,16,182
7,7,17,237
7,7,18,395
7,7,19,185
7,7,20,566
7,7,21,183
7,7,22,483
7,7,23,313
7,7,24,402
7,7,25,805
7,7,26,275
7,7,27,210
7,7,28,713
7,7,29,829
7,7,30,198
7,7,31,496
7,7,32,347
7,7,33,276
7,7,34,154
7,7,35,447
7,7,36,498
7,7,37,61
7,7,38,646
7,7,39,248
7,7,40,90
7,7,41,127
7,7,42,263
7,7,43,405
7,7,44,195
7,7,45,532
7,7,46,221
7,7,47,135
7,7,48,194
7,7,49,317
7,7,50,302
7,8,1,195
7,8,2,232
7,8,3,540
7,8,4,207
7,8,5,216
7,8,6,502
7,8,7,708
7,8,8,959
7,8,9,863
7,8,10,829
7,8,11,473
7,8,12,1222
7,8,13,1100
7,8,14,477
7,8,15,516
7,8,16,264
7,8,17,380
7,8,18,553
7,8,19,541
7,8,20,436
7,8,21,587
7,8,22,1007
7,8,23,359
7,8,24,868
7,8,25,1302
7,8,26,439
7,8,27,191
7,8,28,1056
7,8,29,945
7,8,30,545
7,8,31,844
7,8,32,445
7,8,33,1382
7,8,34,448
7,8,35,760
7,8,36,782
7,8,37,488
7,8,38,1062
7,8,39,824
7,8,40,329
7,8,41,419
7,8,42,690
7,8,43,711
7,8,44,360
7,8,45,1341
7,8,46,822
7,8,47,71
7,8,48,217
7,8,49,329
7,8,50,492
7,9,1,188
7,9,2,545
7,9,3,244
7,9,4,486
7,9,5,273
7,9,6,1068
7,9,7,720
7,9,8,850
7,9,9,820
7,9,10,391
7,9,11,686
7,9,12,560
7,9,13,831
7,9,14,728
7,9,15,911
7,9,16,405
7,9,17,281
7,9,18,882
7,9,19,179
7,9,20,562
7,9,21,591
7,9,22,840
7,9,23,233
7,9,24,429
7,9,25,446
7,9,26,306
7,9,27,200
7,9,28,1188
7,9,29,527
7,9,30,403
7,9,31,503
7,9,32,417
7,9,33,558
7,9,34,256
7,9,35,632
7,9,36,721
7,9,37,203
7,9,38,900
7,9,39,468
7,9,40,513
7,9,41,155
7,9,42,336
7,9,43,950
7,9,44,319
7,9,45,852
7,9,46,642
7,9,47,267
7,9,48,543
7,9,49,409
7,9,50,427
7,10,1,331
7,10,2,326
7,10,3,656
7,10,4,216
7,10,5,266
7,10,6,805
7,10,7,313
7,10,8,999
7,10,9,819
7,10,10,1140
7,10,11,876
7,10,12,693
7,10,13,1304
7,10,14,641
7,10,15,745
7,10,16,159
7,10,17,125
7,10,18,1057
7,10,19,430
7,10,20,712
7,10,21,800
7,10,22,755
7,10,23,281
7,10,24,315
7,10,25,878
7,10,26,705
7,10,27,237
7,10,28,1539
7,10,29,419
7,10,30,364
7,10,31,462
7,10,32,538
7,10,33,619
7,10,34,389
7,10,35,777
7,10,36,608
7,10,37,235
7,10,38,1178
7,10,39,594
7,10,40,341
7,10,41,253
7,10,42,342
7,10,43,700
7,10,44,535
7,10,45,1004
7,10,46,605
7,10,47,259
7,10,48,556
7,10,49,226
7,10,50,1183
8,1,1,296
8,1,2,438
8,1,3,300
8,1,4,150
8,1,5,215
8,1,6,888
8,1,7,616
8,1,8,944
8,1,9,402
8,1,10,667
8,1,11,1022
8,1,12,893
8,1,13,692
8,1,14,438
8,1,15,1159
8,1,16,236
8,1,17,134
8,1,18,757
8,1,19,278
8,1,20,751
8,1,21,396
8,1,22,845
8,1,23,354
8,1,24,824
8,1,25,1202
8,1,26,518
8,1,27,183
8,1,28,892
8,1,29,372
8,1,30,449
8,1,31,477
8,1,32,368
8,1,33,592
8,1,34,314
8,1,35,534
8,1,36,647
8,1,37,239
8,1,38,710
8,1,39,607
8,1,40,483
8,1,41,130
8,1,42,194
8,1,43,570
8,1,44,335
8,1,45,412
8,1,46,490
8,1,47,235
8,1,48,383
8,1,49,269
8,1,50,594
8,2,1,166
8,2,2,636
8,2,3,552
8,2,4,172
8,2,5,246
8,2,6,1063
8,2,7,524
8,2,8,757
8,2,9,848
8,2,10,540
8,2,11,262
8,2,12,1022
8,2,13,1001
8,2,14,578
8,2,15,667
8,2,16,233
8,2,17,562
8,2,18,461
8,2,19,520
8,2,20,718
8,2,21,609
8,2,22,1414
8,2,23,389
8,2,24,1175
8,2,25,925
8,2,26,953
8,2,27,331
8,2,28,1109
8,2,29,429
8,2,30,558
8,2,31,1067
8,2,32,513
8,2,33,765
8,2,34,211
8,2,35,857
8,2,36,863
8,2,37,411
8,2,38,1284
8,2,39,493
8,2,40,385
8,2,41,209
8,2,42,327
8,2,43,894
8,2,44,393
8,2,45,1519
8,2,46,664
8,2,47,234
8,2,48,879
8,2,49,206
8,2,50,1130
8,3,1,267
8,3,2,546
8,3,3,518
8,3,4,288
8,3,5,256
8,3,6,851
8,3,7,934
8,3,8,273
8,3,9,612
8,3,10,685
8,3,11,1278
8,3,12,826
8,3,13,363
8,3,14,452
8,3,15,1271
8,3,16,190
8,3,17,414
8,3,18,1063
8,3,19,417
8,3,20,501
8,3,21,361
8,3,22,505
8,3,23,344
8,3,24,838
8,3,25,773
8,3,26,558
8,3,27,337
8,3,28,682
8,3,29,732
8,3,30,655
8,3,31,1099
8,3,32,171
8,3,33,663
8,3,34,119
8,3,35,676
8,3,36,883
8,3,37,325
8,3,38,637
8,3,39,583
8,3,40,312
8,3,41,364
8,3,42,222
8,3,43,868
8,3,44,213
8,3,45,867
8,3,46,791
8,3,47,186
8,3,48,481
8,3,49,283
8,3,50,621
8,4,1,253
8,4,2,604
8,4,3,348
8,4,4,342
8,4,5,244
8,4,6,519
8,4,7,1010
8,4,8,871
8,4,9,392
8,4,10,471
8,4,11,922
8,4,12,990
8,4,13,764
8,4,14,763
8,4,15,484
8,4,16,187
8,4,17,327
8,4,18,1429
8,4,19,356
8,4,20,662
8,4,21,429
8,4,22,1207
8,4,23,495
8,4,24,593
8,4,25,947
8,4,26,331
8,4,27,273
8,4,28,664
8,4,29,720
8,4,30,386
8,4,31,607
8,4,32,445
8,4,33,675
8,4,34,247
8,4,35,453
8,4,36,793
8,4,37,121
8,4,38,743
8,4,39,310
8,4,40,355
8,4,41,199
8,4,42,388
8,4,43,540
8,4,44,239
8,4,45,508
8,4,46,547
8,4,47,172
8,4,48,587
8,4,49,320
8,4,50,832
8,5,1,341
8,5,2,171
8,5,3,310
8,5,4,191
8,5,5,196
8,5,6,434
8,5,7,541
8,5,8,323
8,5,9,340
8,5,10,411
8,5,11,529
8,5,12,550
8,5,13,728
8,5,14,245
8,5,15,660
8,5,16,186
8,5,17,398
8,5,18,907
8,5,19,240
8,5,20,294
8,5,21,297
8,5,22,583
8,5,23,203
8,5,24,273
8,5,25,917
8,5,26,345
8,5,27,138
8,5,28,800
8,5,29,607
8,5,30,408
8,5,31,466
8,5,32,308
8,5,33,556
8,5,34,190
8,5,35,686
8,5,36,749
8,5,37,235
8,5,38,342
8,5,39,359
8,5,40,109
8,5,41,177
8,5,42,313
8,5,43,525
8,5,44,206
8,5,45,472
8,5,46,638
8,5,47,195
8,5,48,232
8,5,49,150
8,5,50,571
8,6,1,233
8,6,2,282
8,6,3,224
8,6,4,129
8,6,5,120
8,6,6,499
8,6,7,705
8,6,8,633
8,6,9,520
8,6,10,1061
8,6,11,552
8,6,12,703
8,6,13,448
8,6,14,460
8,6,15,482
8,6,16,271
8,6,17,163
8,6,18,583
8,6,19,525
8,6,20,152
8,6,21,215
8,6,22,449
8,6,23,277
8,6,24,834
8,6,25,361
8,6,26,237
8,6,27,159
8,6,28,572
8,6,29,438
8,6,30,330
8,6,31,384
8,6,32,322
8,6,33,552
8,6,34,142
8,6,35,412
8,6,36,1002
8,6,37,175
8,6,38,572
8,6,39,127
8,6,40,289
8,6,41,215
8,6,42,121
8,6,43,422
8,6,44,214
8,6,45,1148
8,6,46,364
8,6,47,260
8,6,48,425
8,6,49,266
8,6,50,283
8,7,1,150
8,7,2,348
8,7,3,179
8,7,4,100
8,7,5,71
8,7,6,439
8,7,7,631
8,7,8,477
8,7,9,205
8,7,10,650
8,7,11,475
8,7,12,486
8,7,13,523
8,7,14,425
8,7,15,451
8,7,16,182
8,7,17,237
8,7,18,395
8,7,19,185
8,7,20,566
8,7,21,183
8,7,22,483
8,7,23,313
8,7,24,402
8,7,25,805
8,7,26,275
8,7,27,210
8,7,28,713
8,7,29,829
8,7,30,198
8,7,31,496
8,7,32,347
8,7,33,276
8,7,34,154
8,7,35,447
8,7,36,498
8,7,37,61
8,7,38,646
8,7,39,248
8,7,40,90
8,7,41,127
8,7,42,263
8,7,43,405
8,7,44,195
8,7,45,532
8,7,46,221
8,7,47,135
8,7,48,194
8,7,49,317
8,7,50,302
8,8,1,195
8,8,2,232
8,8,3,540
8,8,4,207
8,8,5,216
8,8,6,502
8,8,7,708
8,8,8,959
8,8,9,863
8,8,10,829
8,8,11,473
8,8,12,1222
8,8,13,1100
8,8,14,477
8,8,15,516
8,8,16,264
8,8,17,380
8,8,18,553
8,8,19,541
8,8,20,436
8,8,21,587
8,8,22,1007
8,8,23,359
8,8,24,868
8,8,25,1302
8,8,26,439
8,8,27,191
8,8,28,1056
8,8,29,945
8,8,30,545
8,8,31,844
8,8,32,445
8,8,33,1382
8,8,34,448
8,8,35,760
8,8,36,782
8,8,37,488
8,8,38,1062
8,8,39,824
8,8,40,329
8,8,41,419
8,8,42,690
8,8,43,711
8,8,44,360
8,8,45,1341
8,8,46,822
8,8,47,71
8,8,48,217
8,8,49,329
8,8,50,492
8,9,1,188
8,9,2,545
8,9,3,244
8,9,4,486
8,9,5,273
8,9,6,1068
8,9,7,720
8,9,8,850
8,9,9,820
8,9,10,391
8,9,11,686
8,9,12,560
8,9,13,831
8,9,14,728
8,9,15,911
8,9,16,405
8,9,17,281
8,9,18,882
8,9,19,179
8,9,20,562
8,9,21,591
8,9,22,840
8,9,23,233
8,9,24,429
8,9,25,446
8,9,26,306
8,9,27,200
8,9,28,1188
8,9,29,527
8,9,30,403
8,9,31,503
8,9,32,417
8,9,33,558
8,9,34,256
8,9,35,632
8,9,36,721
8,9,37,203
8,9,38,900
8,9,39,468
8,9,40,513
8,9,41,155
8,9,42,336
8,9,43,950
8,9,44,319
8,9,45,852
8,9,46,642
8,9,47,267
8,9,48,543
8,9,49,409
8,9,50,427
8,10,1,331
8,10,2,326
8,10,3,656
8,10,4,216
8,10,5,266
8,10,6,805
8,10,7,313
8,10,8,999
8,10,9,819
8,10,10,1140
8,10,11,876
8,10,12,693
8,10,13,1304
8,10,14,641
8,10,15,745
8,10,16,159
8,10,17,125
8,10,18,1057
8,10,19,430
8,10,20,712
8,10,21,800
8,10,22,755
8,10,23,281
8,10,24,315
8,10,25,878
8,10,26,705
8,10,27,237
8,10,28,1539
8,10,29,419
8,10,30,364
8,10,31,462
8,10,32,538
8,10,33,619
8,10,34,389
8,10,35,777
8,10,36,608
8,10,37,235
8,10,38,1178
8,10,39,594
8,10,40,341
8,10,41,253
8,10,42,342
8,10,43,700
8,10,44,535
8,10,45,1004
8,10,46,605
8,10,47,259
8,10,48,556
8,10,49,226
8,10,50,1183
9,1,1,296
9,1,2,438
9,1,3,300
9,1,4,150
9,1,5,215
9,1,6,888
9,1,7,616
9,1,8,944
9,1,9,402
9,1,10,667
9,1,11,1022
9,1,12,893
9,1,13,692
9,1,14,438
9,1,15,1159
9,1,16,236
9,1,17,134
9,1,18,757
9,1,19,278
9,1,20,751
9,1,21,396
9,1,22,845
9,1,23,354
9,1,24,824
9,1,25,1202
9,1,26,518
9,1,27,183
9,1,28,892
9,1,29,372
9,1,30,449
9,1,31,477
9,1,32,368
9,1,33,592
9,1,34,314
9,1,35,534
9,1,36,647
9,1,37,239
9,1,38,710
9,1,39,607
9,1,40,483
9,1,41,130
9,1,42,194
9,1,43,570
9,1,44,335
9,1,45,412
9,1,46,490
9,1,47,235
9,1,48,383
9,1,49,269
9,1,50,594
9,2,1,166
9,2,2,636
9,2,3,552
9,2,4,172
9,2,5,246
9,2,6,1063
9,2,7,524
9,2,8,757
9,2,9,848
9,2,10,540
9,2,11,262
9,2,12,1022
9,2,13,1001
9,2,14,578
9,2,15,667
9,2,16,233
9,2,17,562
9,2,18,461
9,2,19,520
9,2,20,718
9,2,21,609
9,2,22,1414
9,2,23,389
9,2,24,1175
9,2,25,925
9,2,26,953
9,2,27,331
9,2,28,1109
9,2,29,429
9,2,30,558
9,2,31,1067
9,2,32,513
9,2,33,765
9,2,34,211
9,2,35,857
9,2,36,863
9,2,37,411
9,2,38,1284
9,2,39,493
9,2,40,385
9,2,41,209
9,2,42,327
9,2,43,894
9,2,44,393
9,2,45,1519
9,2,46,664
9,2,47,234
9,2,48,879
9,2,49,206
9,2,50,1130
9,3,1,267
9,3,2,546
9,3,3,518
9,3,4,288
9,3,5,256
9,3,6,851
9,3,7,934
9,3,8,273
9,3,9,612
9,3,10,685
9,3,11,1278
9,3,12,826
9,3,13,363
9,3,14,452
9,3,15,1271
9,3,16,190
9,3,17,414
9,3,18,1063
9,3,19,417
9,3,20,501
9,3,21,361
9,3,22,505
9,3,23,344
9,3,24,838
9,3,25,773
9,3,26,558
9,3,27,337
9,3,28,682
9,3,29,732
9,3,30,655
9,3,31,1099
9,3,32,171
9,3,33,663
9,3,34,119
9,3,35,676
9,3,36,883
9,3,37,325
9,3,38,637
9,3,39,583
9,3,40,312
9,3,41,364
9,3,42,222
9,3,43,868
9,3,44,213
9,3,45,867
9,3,46,791
9,3,47,186
9,3,48,481
9,3,49,283
9,3,50,621
9,4,1,253
9,4,2,604
9,4,3,348
9,4,4,342
9,4,5,244
9,4,6,519
9,4,7,1010
9,4,8,871
9,4,9,392
9,4,10,471
9,4,11,922
9,4,12,990
9,4,13,764
9,4,14,763
9,4,15,484
9,4,16,187
9,4,17,327
9,4,18,1429
9,4,19,356
9,4,20,662
9,4,21,429
9,4,22,1207
9,4,23,495
9,4,24,593
9,4,25,947
9,4,26,331
9,4,27,273
9,4,28,664
9,4,29,720
9,4,30,386
9,4,31,607
9,4,32,445
9,4,33,675
9,4,34,247
9,4,35,453
9,4,36,793
9,4,37,121
9,4,38,743
9,4,39,310
9,4,40,355
9,4,41,199
9,4,42,388
9,4,43,540
9,4,44,239
9,4,45,508
9,4,46,547
9,4,47,172
9,4,48,587
9,4,49,320
9,4,50,832
9,5,1,341
9,5,2,171
9,5,3,310
9,5,4,191
9,5,5,196
9,5,6,434
9,5,7,541
9,5,8,323
9,5,9,340
9,5,10,411
9,5,11,529
9,5,12,550
9,5,13,728
9,5,14,245
9,5,15,660
9,5,16,186
9,5,17,398
9,5,18,907
9,5,19,240
9,5,20,294
9,5,21,297
9,5,22,583
9,5,23,203
9,5,24,273
9,5,25,917
9,5,26,345
9,5,27,138
9,5,28,800
9,5,29,607
9,5,30,408
9,5,31,466
9,5,32,308
9,5,33,556
9,5,34,190
9,5,35,686
9,5,36,749
9,5,37,235
9,5,38,342
9,5,39,359
9,5,40,109
9,5,41,177
9,5,42,313
9,5,43,525
9,5,44,206
9,5,45,472
9,5,46,638
9,5,47,195
9,5,48,232
9,5,49,150
9,5,50,571
9,6,1,233
9,6,2,282
9,6,3,224
9,6,4,129
9,6,5,120
9,6,6,499
9,6,7,705
9,6,8,633
9,6,9,520
9,6,10,1061
9,6,11,552
9,6,12,703
9,6,13,448
9,6,14,460
9,6,15,482
9,6,16,271
9,6,17,163
9,6,18,583
9,6,19,525
9,6,20,152
9,6,21,215
9,6,22,449
9,6,23,277
9,6,24,834
9,6,25,361
9,6,26,237
9,6,27,159
9,6,28,572
9,6,29,438
9,6,30,330
9,6,31,384
9,6,32,322
9,6,33,552
9,6,34,142
9,6,35,412
9,6,36,1002
9,6,37,175
9,6,38,572
9,6,39,127
9,6,40,289
9,6,41,215
9,6,42,121
9,6,43,422
9,6,44,214
9,6,45,1148
9,6,46,364
9,6,47,260
9,6,48,425
9,6,49,266
9,6,50,283
9,7,1,150
9,7,2,348
9,7,3,179
9,7,4,100
9,7,5,71
9,7,6,439
9,7,7,631
9,7,8,477
9,7,9,205
9,7,10,650
9,7,11,475
9,7,12,486
9,7,13,523
9,7,14,425
9,7,15,451
9,7,16,182
9,7,17,237
9,7,18,395
9,7,19,185
9,7,20,566
9,7,21,183
9,7,22,483
9,7,23,313
9,7,24,402
9,7,25,805
9,7,26,275
9,7,27,210
9,7,28,713
9,7,29,829
9,7,30,198
9,7,31,496
9,7,32,347
9,7,33,276
9,7,34,154
9,7,35,447
9,7,36,498
9,7,37,61
9,7,38,646
9,7,39,248
9,7,40,90
9,7,41,127
9,7,42,263
9,7,43,405
9,7,44,195
9,7,45,532
9,7,46,221
9,7,47,135
9,7,48,194
9,7,49,317
9,7,50,302
9,8,1,195
9,8,2,232
9,8,3,540
9,8,4,207
9,8,5,216
9,8,6,502
9,8,7,708
9,8,8,959
9,8,9,863
9,8,10,829
9,8,11,473
9,8,12,1222
9,8,13,1100
9,8,14,477
9,8,15,516
9,8,16,264
9,8,17,380
9,8,18,553
9,8,19,541
9,8,20,436
9,8,21,587
9,8,22,1007
9,8,23,359
9,8,24,868
9,8,25,1302
9,8,26,439
9,8,27,191
9,8,28,1056
9,8,29,945
9,8,30,545
9,8,31,844
9,8,32,445
9,8,33,1382
9,8,34,448
9,8,35,760
9,8,36,782
9,8,37,488
9,8,38,1062
9,8,39,824
9,8,40,329
9,8,41,419
9,8,42,690
9,8,43,711
9,8,44,360
9,8,45,1341
9,8,46,822
9,8,47,71
9,8,48,217
9,8,49,329
9,8,50,492
9,9,1,188
9,9,2,545
9,9,3,244
9,9,4,486
9,9,5,273
9,9,6,1068
9,9,7,720
9,9,8,850
9,9,9,820
9,9,10,391
9,9,11,686
9,9,12,560
9,9,13,831
9,9,14,728
9,9,15,911
9,9,16,405
9,9,17,281
9,9,18,882
9,9,19,179
9,9,20,562
9,9,21,591
9,9,22,840
9,9,23,233
9,9,24,429
9,9,25,446
9,9,26,306
9,9,27,200
9,9,28,1188
9,9,29,527
9,9,30,403
9,9,31,503
9,9,32,417
9,9,33,558
9,9,34,256
9,9,35,632
9,9,36,721
9,9,37,203
9,9,38,900
9,9,39,468
9,9,40,513
9,9,41,155
9,9,42,336
9,9,43,950
9,9,44,319
9,9,45,852
9,9,46,642
9,9,47,267
9,9,48,543
9,9,49,409
9,9,50,427
9,10,1,331
9,10,2,326
9,10,3,656
9,10,4,216
9,10,5,266
9,10,6,805
9,10,7,313
9,10,8,999
9,10,9,819
9,10,10,1140
9,10,11,876
9,10,12,693
9,10,13,1304
9,10,14,641
9,10,15,745
9,10,16,159
9,10,17,125
9,10,18,1057
9,10,19,430
9,10,20,712
9,10,21,800
9,10,22,755
9,10,23,281
9,10,24,315
9,10,25,878
9,10,26,705
9,10,27,237
9,10,28,1539
9,10,29,419
9,10,30,364
9,10,31,462
9,10,32,538
9,10,33,619
9,10,34,389
9,10,35,777
9,10,36,608
9,10,37,235
9,10,38,1178
9,10,39,594
9,10,40,341
9,10,41,253
9,10,42,342
9,10,43,700
9,10,44,535
9,10,45,1004
9,10,46,605
9,10,47,259
9,10,48,556
9,10,49,226
9,10,50,1183
10,1,1,296
10,1,2,438
10,1,3,300
10,1,4,150
10,1,5,215
10,1,6,888
10,1,7,616
10,1,8,944
10,1,9,402
10,1,10,667
10,1,11,1022
10,1,12,893
10,1,13,692
10,1,14,438
10,1,15,1159
10,1,16,236
10,1,17,134
10,1,18,757
10,1,19,278
10,1,20,751
10,1,21,396
10,1,22,845
10,1,23,354
10,1,24,824
10,1,25,1202
10,1,26,518
10,1,27,183
10,1,28,892
10,1,29,372
10,1,30,449
10,1,31,477
10,1,32,368
10,1,33,592
10,1,34,314
10,1,35,534
10,1,36,647
10,1,37,239
10,1,38,710
10,1,39,607
10,1,40,483
10,1,41,130
10,1,42,194
10,1,43,570
10,1,44,335
10,1,45,412
10,1,46,490
10,1,47,235
10,1,48,383
10,1,49,269
10,1,50,594
10,2,1,166
10,2,2,636
10,2,3,552
10,2,4,172
10,2,5,246
10,2,6,1063
10,2,7,524
10,2,8,757
10,2,9,848
10,2,10,540
10,2,11,262
10,2,12,1022
10,2,13,1001
10,2,14,578
10,2,15,667
10,2,16,233
10,2,17,562
10,2,18,461
10,2,19,520
10,2,20,718
10,2,21,609
10,2,22,1414
10,2,23,389
10,2,24,1175
10,2,25,925
10,2,26,953
10,2,27,331
10,2,28,1109
10,2,29,429
10,2,30,558
10,2,31,1067
10,2,32,513
10,2,33,765
10,2,34,211
10,2,35,857
10,2,36,863
10,2,37,411
10,2,38,1284
10,2,39,493
10,2,40,385
10,2,41,209
10,2,42,327
10,2,43,894
10,2,44,393
10,2,45,1519
10,2,46,664
10,2,47,234
10,2,48,879
10,2,49,206
10,2,50,1130
10,3,1,267
10,3,2,546
10,3,3,518
10,3,4,288
10,3,5,256
10,3,6,851
10,3,7,934
10,3,8,273
10,3,9,612
10,3,10,685
10,3,11,1278
10,3,12,826
10,3,13,363
10,3,14,452
10,3,15,1271
10,3,16,190
10,3,17,414
10,3,18,1063
10,3,19,417
10,3,20,501
10,3,21,361
10,3,22,505
10,3,23,344
10,3,24,838
10,3,25,773
10,3,26,558
10,3,27,337
10,3,28,682
10,3,29,732
10,3,30,655
10,3,31,1099
10,3,32,171
10,3,33,663
10,3,34,119
10,3,35,676
10,3,36,883
10,3,37,325
10,3,38,637
10,3,39,583
10,3,40,312
10,3,41,364
10,3,42,222
10,3,43,868
10,3,44,213
10,3,45,867
10,3,46,791
10,3,47,186
10,3,48,481
10,3,49,283
10,3,50,621
10,4,1,253
10,4,2,604
10,4,3,348
10,4,4,342
10,4,5,244
10,4,6,519
10,4,7,1010
10,4,8,871
10,4,9,392
10,4,10,471
10,4,11,922
10,4,12,990
10,4,13,764
10,4,14,763
10,4,15,484
10,4,16,187
10,4,17,327
10,4,18,1429
10,4,19,356
10,4,20,662
10,4,21,429
10,4,22,1207
10,4,23,495
10,4,24,593
10,4,25,947
10,4,26,331
10,4,27,273
10,4,28,664
10,4,29,720
10,4,30,386
10,4,31,607
10,4,32,445
10,4,33,675
10,4,34,247
10,4,35,453
10,4,36,793
10,4,37,121
10,4,38,743
10,4,39,310
10,4,40,355
10,4,41,199
10,4,42,388
10,4,43,540
10,4,44,239
10,4,45,508
10,4,46,547
10,4,47,172
10,4,48,587
10,4,49,320
10,4,50,832
10,5,1,341
10,5,2,171
10,5,3,310
10,5,4,191
10,5,5,196
10,5,6,434
10,5,7,541
10,5,8,323
10,5,9,340
10,5,10,411
10,5,11,529
10,5,12,550
10,5,13,728
10,5,14,245
10,5,15,660
10,5,16,186
10,5,17,398
10,5,18,907
10,5,19,240
10,5,20,294
10,5,21,297
10,5,22,583
10,5,23,203
10,5,24,273
10,5,25,917
10,5,26,345
10,5,27,138
10,5,28,800
10,5,29,607
10,5,30,408
10,5,31,466
10,5,32,308
10,5,33,556
10,5,34,190
10,5,35,686
10,5,36,749
10,5,37,235
10,5,38,342
10,5,39,359
10,5,40,109
10,5,41,177
10,5,42,313
10,5,43,525
10,5,44,206
10,5,45,472
10,5,46,638
10,5,47,195
10,5,48,232
10,5,49,150
10,5,50,571
10,6,1,233
10,6,2,282
10,6,3,224
10,6,4,129
10,6,5,120
10,6,6,499
10,6,7,705
10,6,8,633
10,6,9,520
10,6,10,1061
10,6,11,552
10,6,12,703
10,6,13,448
10,6,14,460
10,6,15,482
10,6,16,271
10,6,17,163
10,6,18,583
10,6,19,525
10,6,20,152
10,6,21,215
10,6,22,449
10,6,23,277
10,6,24,834
10,6,25,361
10,6,26,237
10,6,27,159
10,6,28,572
10,6,29,438
10,6,30,330
10,6,31,384
10,6,32,322
10,6,33,552
10,6,34,142
10,6,35,412
10,6,36,1002
10,6,37,175
10,6,38,572
10,6,39,127
10,6,40,289
10,6,41,215
10,6,42,121
10,6,43,422
10,6,44,214
10,6,45,1148
10,6,46,364
10,6,47,260
10,6,48,425
10,6,49,266
10,6,50,283
10,7,1,150
10,7,2,348
10,7,3,179
10,7,4,100
10,7,5,71
10,7,6,439
10,7,7,631
10,7,8,477
10,7,9,205
10,7,10,650
10,7,11,475
10,7,12,486
10,7,13,523
10,7,14,425
10,7,15,451
10,7,16,182
10,7,17,237
10,7,18,395
10,7,19,185
10,7,20,566
10,7,21,183
10,7,22,483
10,7,23,313
10,7,24,402
10,7,25,805
10,7,26,275
10,7,27,210
10,7,28,713
10,7,29,829
10,7,30,198
10,7,31,496
10,7,32,347
10,7,33,276
10,7,34,154
10,7,35,447
10,7,36,498
10,7,37,61
10,7,38,646
10,7,39,248
10,7,40,90
10,7,41,127
10,7,42,263
10,7,43,405
10,7,44,195
10,7,45,532
10,7,46,221
10,7,47,135
10,7,48,194
10,7,49,317
10,7,50,302
10,8,1,195
10,8,2,232
10,8,3,540
10,8,4,207
10,8,5,216
10,8,6,502
10,8,7,708
10,8,8,959
10,8,9,863
10,8,10,829
10,8,11,473
10,8,12,1222
10,8,13,1100
10,8,14,477
10,8,15,516
10,8,16,264
10,8,17,380
10,8,18,553
10,8,19,541
10,8,20,436
10,8,21,587
10,8,22,1007
10,8,23,359
10,8,24,868
10,8,25,1302
10,8,26,439
10,8,27,191
10,8,28,1056
10,8,29,945
10,8,30,545
10,8,31,844
10,8,32,445
10,8,33,1382
10,8,34,448
10,8,35,760
10,8,36,782
10,8,37,488
10,8,38,1062
10,8,39,824
10,8,40,329
10,8,41,419
10,8,42,690
10,8,43,711
10,8,44,360
10,8,45,1341
10,8,46,822
10,8,47,71
10,8,48,217
10,8,49,329
10,8,50,492
10,9,1,188
10,9,2,545
10,9,3,244
10,9,4,486
10,9,5,273
10,9,6,1068
10,9,7,720
10,9,8,850
10,9,9,820
10,9,10,391
10,9,11,686
10,9,12,560
10,9,13,831
10,9,14,728
10,9,15,911
10,9,16,405
10,9,17,281
10,9,18,882
10,9,19,179
10,9,20,562
10,9,21,591
10,9,22,840
10,9,23,233
10,9,24,429
10,9,25,446
10,9,26,306
10,9,27,200
10,9,28,1188
10,9,29,527
10,9,30,403
10,9,31,503
10,9,32,417
10,9,33,558
10,9,34,256
10,9,35,632
10,9,36,721
10,9,37,203
10,9,38,900
10,9,39,468
10,9,40,513
10,9,41,155
10,9,42,336
10,9,43,950
10,9,44,319
10,9,45,852
10,9,46,642
10,9,47,267
10,9,48,543
10,9,49,409
10,9,50,427
10,10,1,331
10,10,2,326
10,10,3,656
10,10,4,216
10,10,5,266
10,10,6,805
10,10,7,313
10,10,8,999
10,10,9,819
10,10,10,1140
10,10,11,876
10,10,12,693
10,10,13,1304
10,10,14,641
10,10,15,745
10,10,16,159
10,10,17,125
10,10,18,1057
10,10,19,430
10,10,20,712
10,10,21,800
10,10,22,755
10,10,23,281
10,10,24,315
10,10,25,878
10,10,26,705
10,10,27,237
10,10,28,1539
10,10,29,419
10,10,30,364
10,10,31,462
10,10,32,538
10,10,33,619
10,10,34,389
10,10,35,777
10,10,36,608
10,10,37,235
10,10,38,1178
10,10,39,594
10,10,40,341
10,10,41,253
10,10,42,342
10,10,43,700
10,10,44,535
10,10,45,1004
10,10,46,605
10,10,47,259
10,10,48,556
10,10,49,226
10,10,50,1183
11,1,1,296
11,1,2,438
11,1,3,300
11,1,4,150
11,1,5,215
11,1,6,888
11,1,7,616
11,1,8,944
11,1,9,402
11,1,10,667
11,1,11,1022
11,1,12,893
11,1,13,692
11,1,14,438
11,1,15,1159
11,1,16,236
11,1,17,134
11,1,18,757
11,1,19,278
11,1,20,751
11,1,21,396
11,1,22,845
11,1,23,354
11,1,24,824
11,1,25,1202
11,1,26,518
11,1,27,183
11,1,28,892
11,1,29,372
11,1,30,449
11,1,31,477
11,1,32,368
11,1,33,592
11,1,34,314
11,1,35,534
11,1,36,647
11,1,37,239
11,1,38,710
11,1,39,607
11,1,40,483
11,1,41,130
11,1,42,194
11,1,43,570
11,1,44,335
11,1,45,412
11,1,46,490
11,1,47,235
11,1,48,383
11,1,49,269
11,1,50,594
11,2,1,166
11,2,2,636
11,2,3,552
11,2,4,172
11,2,5,246
11,2,6,1063
11,2,7,524
11,2,8,757
11,2,9,848
11,2,10,540
11,2,11,262
11,2,12,1022
11,2,13,1001
11,2,14,578
11,2,15,667
11,2,16,233
11,2,17,562
11,2,18,461
11,2,19,520
11,2,20,718
11,2,21,609
11,2,22,1414
11,2,23,389
11,2,24,1175
11,2,25,925
11,2,26,953
11,2,27,331
11,2,28,1109
11,2,29,429
11,2,30,558
11,2,31,1067
11,2,32,513
11,2,33,765
11,2,34,211
11,2,35,857
11,2,36,863
11,2,37,411
11,2,38,1284
11,2,39,493
11,2,40,385
11,2,41,209
11,2,42,327
11,2,43,894
11,2,44,393
11,2,45,1519
11,2,46,664
11,2,47,234
11,2,48,879
11,2,49,206
11,2,50,1130
11,3,1,267
11,3,2,546
11,3,3,518
11,3,4,288
11,3,5,256
11,3,6,851
11,3,7,934
11,3,8,273
11,3,9,612
11,3,10,685
11,3,11,1278
11,3,12,826
11,3,13,363
11,3,14,452
11,3,15,1271
11,3,16,190
11,3,17,414
11,3,18,1063
11,3,19,417
11,3,20,501
11,3,21,361
11,3,22,505
11,3,23,344
11,3,24,838
11,3,25,773
11,3,26,558
11,3,27,337
11,3,28,682
11,3,29,732
11,3,30,655
11,3,31,1099
11,3,32,171
11,3,33,663
11,3,34,119
11,3,35,676
11,3,36,883
11,3,37,325
11,3,38,637
11,3,39,583
11,3,40,312
11,3,41,364
11,3,42,222
11,3,43,868
11,3,44,213
11,3,45,867
11,3,46,791
11,3,47,186
11,3,48,481
11,3,49,283
11,3,50,621
11,4,1,253
11,4,2,604
11,4,3,348
11,4,4,342
11,4,5,244
11,4,6,519
11,4,7,1010
11,4,8,871
11,4,9,392
11,4,10,471
11,4,11,922
11,4,12,990
11,4,13,764
11,4,14,763
11,4,15,484
11,4,16,187
11,4,17,327
11,4,18,1429
11,4,19,356
11,4,20,662
11,4,21,429
11,4,22,1207
11,4,23,495
11,4,24,593
11,4,25,947
11,4,26,331
11,4,27,273
11,4,28,664
11,4,29,720
11,4,30,386
11,4,31,607
11,4,32,445
11,4,33,675
11,4,34,247
11,4,35,453
11,4,36,793
11,4,37,121
11,4,38,743
11,4,39,310
11,4,40,355
11,4,41,199
11,4,42,388
11,4,43,540
11,4,44,239
11,4,45,508
11,4,46,547
11,4,47,172
11,4,48,587
11,4,49,320
11,4,50,832
11,5,1,341
11,5,2,171
11,5,3,310
11,5,4,191
11,5,5,196
11,5,6,434
11,5,7,541
11,5,8,323
11,5,9,340
11,5,10,411
11,5,11,529
11,5,12,550
11,5,13,728
11,5,14,245
11,5,15,660
11,5,16,186
11,5,17,398
11,5,18,907
11,5,19,240
11,5,20,294
11,5,21,297
11,5,22,583
11,5,23,203
11,5,24,273
11,5,25,917
11,5,26,345
11,5,27,138
11,5,28,800
11,5,29,607
11,5,30,408
11,5,31,466
11,5,32,308
11,5,33,556
11,5,34,190
11,5,35,686
11,5,36,749
11,5,37,235
11,5,38,342
11,5,39,359
11,5,40,109
11,5,41,177
11,5,42,313
11,5,43,525
11,5,44,206
11,5,45,472
11,5,46,638
11,5,47,195
11,5,48,232
11,5,49,150
11,5,50,571
11,6,1,233
11,6,2,282
11,6,3,224
11,6,4,129
11,6,5,120
11,6,6,499
11,6,7,705
11,6,8,633
11,6,9,520
11,6,10,1061
11,6,11,552
11,6,12,703
11,6,13,448
11,6,14,460
11,6,15,482
11,6,16,271
11,6,17,163
11,6,18,583
11,6,19,525
11,6,20,152
11,6,21,215
11,6,22,449
11,6,23,277
11,6,24,834
11,6,25,361
11,6,26,237
11,6,27,159
11,6,28,572
11,6,29,438
11,6,30,330
11,6,31,384
11,6,32,322
11,6,33,552
11,6,34,142
11,6,35,412
11,6,36,1002
11,6,37,175
11,6,38,572
11,6,39,127
11,6,40,289
11,6,41,215
11,6,42,121
11,6,43,422
11,6,44,214
11,6,45,1148
11,6,46,364
11,6,47,260
11,6,48,425
11,6,49,266
11,6,50,283
11,7,1,150
11,7,2,348
11,7,3,179
11,7,4,100
11,7,5,71
11,7,6,439
11,7,7,631
11,7,8,477
11,7,9,205
11,7,10,650
11,7,11,475
11,7,12,486
11,7,13,523
11,7,14,425
11,7,15,451
11,7,16,182
11,7,17,237
11,7,18,395
11,7,19,185
11,7,20,566
11,7,21,183
11,7,22,483
11,7,23,313
11,7,24,402
11,7,25,805
11,7,26,275
11,7,27,210
11,7,28,713
11,7,29,829
11,7,30,198
11,7,31,496
11,7,32,347
11,7,33,276
11,7,34,154
11,7,35,447
11,7,36,498
11,7,37,61
11,7,38,646
11,7,39,248
11,7,40,90
11,7,41,127
11,7,42,263
11,7,43,405
11,7,44,195
11,7,45,532
11,7,46,221
11,7,47,135
11,7,48,194
11,7,49,317
11,7,50,302
11,8,1,195
11,8,2,232
11,8,3,540
11,8,4,207
11,8,5,216
11,8,6,502
11,8,7,708
11,8,8,959
11,8,9,863
11,8,10,829
11,8,11,473
11,8,12,1222
11,8,13,1100
11,8,14,477
11,8,15,516
11,8,16,264
11,8,17,380
11,8,18,553
11,8,19,541
11,8,20,436
11,8,21,587
11,8,22,1007
11,8,23,359
11,8,24,868
11,8,25,1302
11,8,26,439
11,8,27,191
11,8,28,1056
11,8,29,945
11,8,30,545
11,8,31,844
11,8,32,445
11,8,33,1382
11,8,34,448
11,8,35,760
11,8,36,782
11,8,37,488
11,8,38,1062
11,8,39,824
11,8,40,329
11,8,41,419
11,8,42,690
11,8,43,711
11,8,44,360
11,8,45,1341
11,8,46,822
11,8,47,71
11,8,48,217
11,8,49,329
11,8,50,492
11,9,1,188
11,9,2,545
11,9,3,244
11,9,4,486
11,9,5,273
11,9,6,1068
11,9,7,720
11,9,8,850
11,9,9,820
11,9,10,391
11,9,11,686
11,9,12,560
11,9,13,831
11,9,14,728
11,9,15,911
11,9,16,405
11,9,17,281
11,9,18,882
11,9,19,179
11,9,20,562
11,9,21,591
11,9,22,840
11,9,23,233
11,9,24,429
11,9,25,446
11,9,26,306
11,9,27,200
11,9,28,1188
11,9,29,527
11,9,30,403
11,9,31,503
11,9,32,417
11,9,33,558
11,9,34,256
11,9,35,632
11,9,36,721
11,9,37,203
11,9,38,900
11,9,39,468
11,9,40,513
11,9,41,155
11,9,42,336
11,9,43,950
11,9,44,319
11,9,45,852
11,9,46,642
11,9,47,267
11,9,48,543
11,9,49,409
11,9,50,427
11,10,1,331
11,10,2,326
11,10,3,656
11,10,4,216
11,10,5,266
11,10,6,805
11,10,7,313
11,10,8,999
11,10,9,819
11,10,10,1140
11,10,11,876
11,10,12,693
11,10,13,1304
11,10,14,641
11,10,15,745
11,10,16,159
11,10,17,125
11,10,18,1057
11,10,19,430
11,10,20,712
11,10,21,800
11,10,22,755
11,10,23,281
11,10,24,315
11,10,25,878
11,10,26,705
11,10,27,237
11,10,28,1539
11,10,29,419
11,10,30,364
11,10,31,462
11,10,32,538
11,10,33,619
11,10,34,389
11,10,35,777
11,10,36,608
11,10,37,235
11,10,38,1178
11,10,39,594
11,10,40,341
11,10,41,253
11,10,42,342
11,10,43,700
11,10,44,535
11,10,45,1004
11,10,46,605
11,10,47,259
11,10,48,556
11,10,49,226
11,10,50,1183
12,1,1,296
12,1,2,438
12,1,3,300
12,1,4,150
12,1,5,215
12,1,6,888
12,1,7,616
12,1,8,944
12,1,9,402
12,1,10,667
12,1,11,1022
12,1,12,893
12,1,13,692
12,1,14,438
12,1,15,1159
12,1,16,236
12,1,17,134
12,1,18,757
12,1,19,278
12,1,20,751
12,1,21,396
12,1,22,845
12,1,23,354
12,1,24,824
12,1,25,1202
12,1,26,518
12,1,27,183
12,1,28,892
12,1,29,372
12,1,30,449
12,1,31,477
12,1,32,368
12,1,33,592
12,1,34,314
12,1,35,534
12,1,36,647
12,1,37,239
12,1,38,710
12,1,39,607
12,1,40,483
12,1,41,130
12,1,42,194
12,1,43,570
12,1,44,335
12,1,45,412
12,1,46,490
12,1,47,235
12,1,48,383
12,1,49,269
12,1,50,594
12,2,1,166
12,2,2,636
12,2,3,552
12,2,4,172
12,2,5,246
12,2,6,1063
12,2,7,524
12,2,8,757
12,2,9,848
12,2,10,540
12,2,11,262
12,2,12,1022
12,2,13,1001
12,2,14,578
12,2,15,667
12,2,16,233
12,2,17,562
12,2,18,461
12,2,19,520
12,2,20,718
12,2,21,609
12,2,22,1414
12,2,23,389
12,2,24,1175
12,2,25,925
12,2,26,953
12,2,27,331
12,2,28,1109
12,2,29,429
12,2,30,558
12,2,31,1067
12,2,32,513
12,2,33,765
12,2,34,211
12,2,35,857
12,2,36,863
12,2,37,411
12,2,38,1284
12,2,39,493
12,2,40,385
12,2,41,209
12,2,42,327
12,2,43,894
12,2,44,393
12,2,45,1519
12,2,46,664
12,2,47,234
12,2,48,879
12,2,49,206
12,2,50,1130
12,3,1,267
12,3,2,546
12,3,3,518
12,3,4,288
12,3,5,256
12,3,6,851
12,3,7,934
12,3,8,273
12,3,9,612
12,3,10,685
12,3,11,1278
12,3,12,826
12,3,13,363
12,3,14,452
12,3,15,1271
12,3,16,190
12,3,17,414
12,3,18,1063
12,3,19,417
12,3,20,501
12,3,21,361
12,3,22,505
12,3,23,344
12,3,24,838
12,3,25,773
12,3,26,558
12,3,27,337
12,3,28,682
12,3,29,732
12,3,30,655
12,3,31,1099
12,3,32,171
12,3,33,663
12,3,34,119
12,3,35,676
12,3,36,883
12,3,37,325
12,3,38,637
12,3,39,583
12,3,40,312
12,3,41,364
12,3,42,222
12,3,43,868
12,3,44,213
12,3,45,867
12,3,46,791
12,3,47,186
12,3,48,481
12,3,49,283
12,3,50,621
12,4,1,253
12,4,2,604
12,4,3,348
12,4,4,342
12,4,5,244
12,4,6,519
12,4,7,1010
12,4,8,871
12,4,9,392
12,4,10,471
12,4,11,922
12,4,12,990
12,4,13,764
12,4,14,763
12,4,15,484
12,4,16,187
12,4,17,327
12,4,18,1429
12,4,19,356
12,4,20,662
12,4,21,429
12,4,22,1207
12,4,23,495
12,4,24,593
12,4,25,947
12,4,26,331
12,4,27,273
12,4,28,664
12,4,29,720
12,4,30,386
12,4,31,607
12,4,32,445
12,4,33,675
12,4,34,247
12,4,35,453
12,4,36,793
12,4,37,121
12,4,38,743
12,4,39,310
12,4,40,355
12,4,41,199
12,4,42,388
12,4,43,540
12,4,44,239
12,4,45,508
12,4,46,547
12,4,47,172
12,4,48,587
12,4,49,320
12,4,50,832
12,5,1,341
12,5,2,171
12,5,3,310
12,5,4,191
12,5,5,196
12,5,6,434
12,5,7,541
12,5,8,323
12,5,9,340
12,5,10,411
12,5,11,529
12,5,12,550
12,5,13,728
12,5,14,245
12,5,15,660
12,5,16,186
12,5,17,398
12,5,18,907
12,5,19,240
12,5,20,294
12,5,21,297
12,5,22,583
12,5,23,203
12,5,24,273
12,5,25,917
12,5,26,345
12,5,27,138
12,5,28,800
12,5,29,607
12,5,30,408
12,5,31,466
12,5,32,308
12,5,33,556
12,5,34,190
12,5,35,686
12,5,36,749
12,5,37,235
12,5,38,342
12,5,39,359
12,5,40,109
12,5,41,177
12,5,42,313
12,5,43,525
12,5,44,206
12,5,45,472
12,5,46,638
12,5,47,195
12,5,48,232
12,5,49,150
12,5,50,571
12,6,1,233
12,6,2,282
12,6,3,224
12,6,4,129
12,6,5,120
12,6,6,499
12,6,7,705
12,6,8,633
12,6,9,520
12,6,10,1061
12,6,11,552
12,6,12,703
12,6,13,448
12,6,14,460
12,6,15,482
12,6,16,271
12,6,17,163
12,6,18,583
12,6,19,525
12,6,20,152
12,6,21,215
12,6,22,449
12,6,23,277
12,6,24,834
12,6,25,361
12,6,26,237
12,6,27,159
12,6,28,572
12,6,29,438
12,6,30,330
12,6,31,384
12,6,32,322
12,6,33,552
12,6,34,142
12,6,35,412
12,6,36,1002
12,6,37,175
12,6,38,572
12,6,39,127
12,6,40,289
12,6,41,215
12,6,42,121
12,6,43,422
12,6,44,214
12,6,45,1148
12,6,46,364
12,6,47,260
12,6,48,425
12,6,49,266
12,6,50,283
12,7,1,150
12,7,2,348
12,7,3,179
12,7,4,100
12,7,5,71
12,7,6,439
12,7,7,631
12,7,8,477
12,7,9,205
12,7,10,650
12,7,11,475
12,7,12,486
12,7,13,523
12,7,14,425
12,7,15,451
12,7,16,182
12,7,17,237
12,7,18,395
12,7,19,185
12,7,20,566
12,7,21,183
12,7,22,483
12,7,23,313
12,7,24,402
12,7,25,805
12,7,26,275
12,7,27,210
12,7,28,713
12,7,29,829
12,7,30,198
12,7,31,496
12,7,32,347
12,7,33,276
12,7,34,154
12,7,35,447
12,7,36,498
12,7,37,61
12,7,38,646
12,7,39,248
12,7,40,90
12,7,41,127
12,7,42,263
12,7,43,405
12,7,44,195
12,7,45,532
12,7,46,221
12,7,47,135
12,7,48,194
12,7,49,317
12,7,50,302
12,8,1,195
12,8,2,232
12,8,3,540
12,8,4,207
12,8,5,216
12,8,6,502
12,8,7,708
12,8,8,959
12,8,9,863
12,8,10,829
12,8,11,473
12,8,12,1222
12,8,13,1100
12,8,14,477
12,8,15,516
12,8,16,264
12,8,17,380
12,8,18,553
12,8,19,541
12,8,20,436
12,8,21,587
12,8,22,1007
12,8,23,359
12,8,24,868
12,8,25,1302
12,8,26,439
12,8,27,191
12,8,28,1056
12,8,29,945
12,8,30,545
12,8,31,844
12,8,32,445
12,8,33,1382
12,8,34,448
12,8,35,760
12,8,36,782
12,8,37,488
12,8,38,1062
12,8,39,824
12,8,40,329
12,8,41,419
12,8,42,690
12,8,43,711
12,8,44,360
12,8,45,1341
12,8,46,822
12,8,47,71
12,8,48,217
12,8,49,329
12,8,50,492
12,9,1,188
12,9,2,545
12,9,3,244
12,9,4,486
12,9,5,273
12,9,6,1068
12,9,7,720
12,9,8,850
12,9,9,820
12,9,10,391
12,9,11,686
12,9,12,560
12,9,13,831
12,9,14,728
12,9,15,911
12,9,16,405
12,9,17,281
12,9,18,882
12,9,19,179
12,9,20,562
12,9,21,591
12,9,22,840
12,9,23,233
12,9,24,429
12,9,25,446
12,9,26,306
12,9,27,200
12,9,28,1188
12,9,29,527
12,9,30,403
12,9,31,503
12,9,32,417
12,9,33,558
12,9,34,256
12,9,35,632
12,9,36,721
12,9,37,203
12,9,38,900
12,9,39,468
12,9,40,513
12,9,41,155
12,9,42,336
12,9,43,950
12,9,44,319
12,9,45,852
12,9,46,642
12,9,47,267
12,9,48,543
12,9,49,409
12,9,50,427
12,10,1,331
12,10,2,326
12,10,3,656
12,10,4,216
12,10,5,266
12,10,6,805
12,10,7,313
12,10,8,999
12,10,9,819
12,10,10,1140
12,10,11,876
12,10,12,693
12,10,13,1304
12,10,14,641
12,10,15,745
12,10,16,159
12,10,17,125
12,10,18,1057
12,10,19,430
12,10,20,712
12,10,21,800
12,10,22,755
12,10,23,281
12,10,24,315
12,10,25,878
12,10,26,705
12,10,27,237
12,10,28,1539
12,10,29,419
12,10,30,364
12,10,31,462
12,10,32,538
12,10,33,619
12,10,34,389
12,10,35,777
12,10,36,608
12,10,37,235
12,10,38,1178
12,10,39,594
12,10,40,341
12,10,41,253
12,10,42,342
12,10,43,700
12,10,44,535
12,10,45,1004
12,10,46,605
12,10,47,259
12,10,48,556
12,10,49,226
12,10,50,1183
